,Influenza vaccination (General Population) - Age,,,,,,,,,,,,,,,,,,,,,,,,,,,,,,,,,,,,,,,,,,,,,,,,,,,,,,,,,,,,,,,,,,,,,,,,,,,,,,,,,,,,Influenza vaccination (General Population) - Race/ethnicity,,,,,,,,,,,,,,,,,,,,,,,
,³6 months,,,,,,6 months - 17 years,,,,,,6 months - 4 years,,,,,,5-12 years,,,,,,13-17 years,,,,,,³18 years,,,,,,18-64 years,,,,,,18-64 years at high risk,,,,,,18-64 years not at high risk,,,,,,18-49 years,,,,,,18-49 years at high risk,,,,,,18-49 years not at high risk,,,,,,50-64 years,,,,,,³65 years,,,,,,"White only, non-Hispanic",,,,,,"Black only, non-Hispanic",,,,,,Hispanic,,,,,,"Other or multiple races, non-Hispanic",,,,,
Names,2018-19,LL,UL,CI,SAMPLE,TARGET,2018-19,LL,UL,CI,SAMPLE,TARGET,2018-19,LL,UL,CI,SAMPLE,TARGET,2018-19,LL,UL,CI,SAMPLE,TARGET,2018-19,LL,UL,CI,SAMPLE,TARGET,2018-19,LL,UL,CI,SAMPLE,TARGET,2018-19,LL,UL,CI,SAMPLE,TARGET,2018-19,LL,UL,CI,SAMPLE,TARGET,2018-19,LL,UL,CI,SAMPLE,TARGET,2018-19,LL,UL,CI,SAMPLE,TARGET,2018-19,LL,UL,CI,SAMPLE,TARGET,2018-19,LL,UL,CI,SAMPLE,TARGET,2018-19,LL,UL,CI,SAMPLE,TARGET,2018-19,LL,UL,CI,SAMPLE,TARGET,2018-19,LL,UL,CI,SAMPLE,TARGET,2018-19,LL,UL,CI,SAMPLE,TARGET,2018-19,LL,UL,CI,SAMPLE,TARGET,2018-19,LL,UL,CI,SAMPLE,TARGET
Alabama,48.3,46.3,50.3,(±2.0),7966,70.0,60.7,57.6,63.8,(±3.1),2935,70.0,68.7,63.6,73.8,(±5.1),935,70.0,64.0,59.6,68.4,(±4.4),1380,70.0,48.2,42.4,54.0,(±5.8),620,70.0,44.8,42.4,47.2,(±2.4),5031,70.0,37.4,34.5,40.3,(±2.9),3071,70.0,43.9,38.6,49.2,(±5.3),970,70.0,35.1,31.8,38.4,(±3.3),2078,70.0,30.7,27.2,34.2,(±3.5),1615,70.0,33.4,25.8,41.0,(±7.6),340,70.0,30.1,26.2,34.0,(±3.9),1263,70.0,51.5,46.6,56.4,(±4.9),1456,70.0,71.5,68.4,74.6,(±3.1),1960,70.0,50.1,47.6,52.6,(±2.5),5392,70.0,43.4,39.0,47.8,(±4.4),1672,70.0,64.2,55.9,72.5,(±8.3),383,70.0,36.5,29.6,43.4,(±6.9),460,70.0
Alaska,44.1,40.8,47.4,(±3.3),4169,70.0,54.7,50.3,59.1,(±4.4),1683,70.0,63.8,55.2,72.4,(±8.6),522,70.0,56.2,49.7,62.7,(±6.5),598,70.0,44.7,37.1,52.3,(±7.6),563,70.0,40.7,36.6,44.8,(±4.1),2486,70.0,36.7,32.0,41.4,(±4.7),1699,70.0,42.6,35.0,50.2,(±7.6),401,70.0,35.2,29.5,40.9,(±5.7),1271,70.0,34.8,28.9,40.7,(±5.9),902,70.0,39.1,27.1,51.1,(±12.0)à,146,70.0,34.4,27.5,41.3,(±6.9),741,70.0,40.4,34.9,45.9,(±5.5),797,70.0,61.2,55.5,66.9,(±5.7),787,70.0,45.4,41.4,49.4,(±4.0),2881,70.0,48.2,33.2,63.2,(±15.0)à,103,70.0,33.0,24.1,41.9,(±8.9),205,70.0,41.6,35.3,47.9,(±6.3),930,70.0
Arizona,45.6,43.5,47.7,(±2.1),8714,70.0,55.9,52.5,59.3,(±3.4),2253,70.0,63.3,57.2,69.4,(±6.1),703,70.0,58.6,53.7,63.5,(±4.9),988,70.0,46.8,40.9,52.7,(±5.9),562,70.0,42.6,40.1,45.1,(±2.5),6461,70.0,36.0,33.1,38.9,(±2.9),3712,70.0,39.2,33.7,44.7,(±5.5),1069,70.0,35.1,31.4,38.8,(±3.7),2601,70.0,31.6,27.7,35.5,(±3.9),1975,70.0,27.7,20.1,35.3,(±7.6),386,70.0,32.7,28.2,37.2,(±4.5),1561,70.0,45.5,41.2,49.8,(±4.3),1737,70.0,64.4,60.9,67.9,(±3.5),2749,70.0,47.1,44.4,49.8,(±2.7),5649,70.0,48.6,37.8,59.4,(±10.8)à,222,70.0,41.9,37.8,46.0,(±4.1),1713,70.0,46.3,39.4,53.2,(±6.9),1013,70.0
Arkansas,48.8,46.3,51.3,(±2.5),5247,70.0,63.5,60.4,66.6,(±3.1),2352,70.0,69.2,63.3,75.1,(±5.9),739,70.0,64.5,60.4,68.6,(±4.1),1073,70.0,57.0,50.8,63.2,(±6.2),540,70.0,44.5,41.4,47.6,(±3.1),2895,70.0,38.9,35.2,42.6,(±3.7),1442,70.0,42.2,35.5,48.9,(±6.7),494,70.0,38.0,33.3,42.7,(±4.7),925,70.0,34.4,29.5,39.3,(±4.9),684,70.0,33.3,22.1,44.5,(±11.2)à,148,70.0,35.0,29.3,40.7,(±5.7),524,70.0,47.7,42.4,53.0,(±5.3),758,70.0,62.8,58.9,66.7,(±3.9),1453,70.0,49.5,46.6,52.4,(±2.9),3847,70.0,46.6,39.1,54.1,(±7.5),601,70.0,50.7,41.2,60.2,(±9.5),396,70.0,36.1,28.3,43.9,(±7.8),365,70.0
California,47.4,45.8,49.0,(±1.6),9857,70.0,63.5,59.9,67.1,(±3.6),2275,70.0,77.1,71.1,83.1,(±6.0),893,70.0,66.6,60.9,72.3,(±5.7),860,70.0,49.9,43.7,56.1,(±6.2),522,70.0,42.9,41.1,44.7,(±1.8),7582,70.0,36.8,34.6,39.0,(±2.2),5639,70.0,48.4,43.3,53.5,(±5.1),1197,70.0,33.8,31.6,36.0,(±2.2),4378,70.0,33.7,31.2,36.2,(±2.5),3654,70.0,43.5,35.5,51.5,(±8.0),525,70.0,31.7,29.2,34.2,(±2.5),3074,70.0,43.8,40.5,47.1,(±3.3),1985,70.0,69.0,65.3,72.7,(±3.7),1943,70.0,52.3,49.9,54.7,(±2.4),4602,70.0,40.8,32.6,49.0,(±8.2),500,70.0,44.6,41.8,47.4,(±2.8),3200,70.0,45.0,40.6,49.4,(±4.4),1332,70.0
Colorado,51.6,50.1,53.1,(±1.5),9421,70.0,64.5,61.4,67.6,(±3.1),2096,70.0,69.4,63.7,75.1,(±5.7),680,70.0,67.3,63.1,71.5,(±4.2),871,70.0,56.2,50.1,62.3,(±6.1),545,70.0,48.1,46.3,49.9,(±1.8),7325,70.0,42.7,40.5,44.9,(±2.2),4824,70.0,52.9,48.4,57.4,(±4.5),1080,70.0,40.4,37.9,42.9,(±2.5),3678,70.0,38.1,35.2,41.0,(±2.9),2752,70.0,45.3,38.2,52.4,(±7.1),436,70.0,37.1,34.0,40.2,(±3.1),2266,70.0,52.6,49.7,55.5,(±2.9),2072,70.0,70.4,67.9,72.9,(±2.5),2501,70.0,51.6,49.8,53.4,(±1.8),6733,70.0,60.3,49.2,71.4,(±11.1)à,244,70.0,49.5,46.0,53.0,(±3.5),1691,70.0,51.7,43.8,59.6,(±7.9),534,70.0
Connecticut,56.8,54.7,58.9,(±2.1),9274,70.0,73.8,70.5,77.1,(±3.3),1804,70.0,87.6,82.8,92.4,(±4.8),527,70.0,74.5,70.1,78.9,(±4.4),696,70.0,64.4,57.7,71.1,(±6.7),581,70.0,52.4,49.9,54.9,(±2.5),7470,70.0,45.8,42.7,48.9,(±3.1),4573,70.0,53.3,48.0,58.6,(±5.3),1186,70.0,43.4,39.7,47.1,(±3.7),3334,70.0,40.5,36.0,45.0,(±4.5),2152,70.0,46.2,37.6,54.8,(±8.6),392,70.0,39.0,33.9,44.1,(±5.1),1726,70.0,53.8,50.7,56.9,(±3.1),2421,70.0,75.4,72.9,77.9,(±2.5),2897,70.0,60.5,57.8,63.2,(±2.7),6925,70.0,53.4,47.4,59.4,(±6.0),660,70.0,46.5,41.7,51.3,(±4.8),952,70.0,53.6,48.1,59.1,(±5.5),608,70.0
Delaware,50.7,48.0,53.4,(±2.7),5758,70.0,66.0,62.9,69.1,(±3.1),2865,70.0,70.8,64.9,76.7,(±5.9),861,70.0,69.1,65.3,72.9,(±3.8),1473,70.0,57.5,51.1,63.9,(±6.4),531,70.0,46.8,43.5,50.1,(±3.3),2893,70.0,39.5,35.4,43.6,(±4.1),1873,70.0,43.0,36.1,49.9,(±6.9),520,70.0,39.0,33.9,44.1,(±5.1),1325,70.0,32.7,27.4,38.0,(±5.3),1043,70.0,28.3,19.1,37.5,(±9.2),202,70.0,34.7,28.2,41.2,(±6.5),820,70.0,52.6,46.9,58.3,(±5.7),830,70.0,70.1,64.8,75.4,(±5.3),1020,70.0,53.2,50.0,56.4,(±3.2),3455,70.0,44.5,36.1,52.9,(±8.4),771,70.0,51.6,44.8,58.4,(±6.8),970,70.0,42.7,35.4,50.0,(±7.3),500,70.0
District of Columbia,NR,NaN,NaN,NR,NR,70.0,75.1,71.9,78.3,(±3.2),3331,70.0,78.9,72.8,85.0,(±6.1),1240,70.0,76.1,71.5,80.7,(±4.6),1534,70.0,69.0,62.8,75.2,(±6.2),557,70.0,NR,NaN,NaN,NR,NR,70.0,NR,NaN,NaN,NR,NR,70.0,NR,NaN,NaN,NR,NR,70.0,NR,NaN,NaN,NR,NR,70.0,NR,NaN,NaN,NR,NR,70.0,NR,NaN,NaN,NR,NR,70.0,NR,NaN,NaN,NR,NR,70.0,NR,NaN,NaN,NR,NR,70.0,NR,NaN,NaN,NR,NR,70.0,NR,NaN,NaN,NR,NR,70.0,NR,NaN,NaN,NR,NR,70.0,NR,NaN,NaN,NR,NR,70.0,NR,NaN,NaN,NR,NR,70.0
Florida,40.9,39.5,42.3,(±1.4),18806,70.0,54.5,51.0,58.0,(±3.5),3234,70.0,61.8,56.1,67.5,(±5.7),1120,70.0,56.1,50.8,61.4,(±5.3),1244,70.0,45.1,39.6,50.6,(±5.5),870,70.0,37.6,36.0,39.2,(±1.6),15572,70.0,28.4,26.6,30.2,(±1.8),9098,70.0,35.5,31.8,39.2,(±3.7),2610,70.0,26.2,24.2,28.2,(±2.0),6372,70.0,25.3,22.9,27.7,(±2.4),4929,70.0,32.1,26.0,38.2,(±6.1),874,70.0,23.9,21.4,26.4,(±2.5),3983,70.0,33.9,31.2,36.6,(±2.7),4169,70.0,61.1,58.7,63.5,(±2.4),6474,70.0,44.8,43.2,46.4,(±1.6),13049,70.0,35.1,30.9,39.3,(±4.2),1789,70.0,35.8,32.7,38.9,(±3.1),2507,70.0,39.2,33.3,45.1,(±5.9),1166,70.0
Georgia,43.1,39.7,46.5,(±3.4),7319,70.0,55.5,52.7,58.3,(±2.8),3212,70.0,65.9,61.1,70.7,(±4.8),1051,70.0,57.2,53.4,61.0,(±3.8),1528,70.0,43.7,37.9,49.5,(±5.8),633,70.0,39.3,35.0,43.6,(±4.3),4107,70.0,34.9,30.0,39.8,(±4.9),2805,70.0,45.6,34.2,57.0,(±11.4)à,733,70.0,30.7,25.6,35.8,(±5.1),2033,70.0,30.5,25.0,36.0,(±5.5),1667,70.0,36.1,21.6,50.6,(±14.5)à,275,70.0,29.4,23.5,35.3,(±5.9),1366,70.0,43.4,34.4,52.4,(±9.0),1138,70.0,58.4,50.8,66.0,(±7.6),1302,70.0,46.4,41.9,50.9,(±4.5),4133,70.0,38.7,31.5,45.9,(±7.2),1557,70.0,40.1,32.5,47.7,(±7.6),967,70.0,45.9,36.1,55.7,(±9.8),590,70.0
Hawaii,50.2,48.0,52.4,(±2.2),8433,70.0,61.8,57.8,65.8,(±4.0),2313,70.0,63.2,54.1,72.3,(±9.1),723,70.0,62.7,57.3,68.1,(±5.4),1024,70.0,58.9,51.9,65.9,(±7.0),566,70.0,47.2,44.7,49.7,(±2.5),6120,70.0,41.2,38.3,44.1,(±2.9),3910,70.0,50.0,43.9,56.1,(±6.1),944,70.0,38.7,35.4,42.0,(±3.3),2917,70.0,38.1,34.4,41.8,(±3.7),2256,70.0,44.3,36.3,52.3,(±8.0),386,70.0,36.8,32.5,41.1,(±4.3),1842,70.0,47.8,43.3,52.3,(±4.5),1654,70.0,66.8,62.7,70.9,(±4.1),2210,70.0,49.8,46.3,53.3,(±3.5),2804,70.0,65.0,52.9,77.1,(±12.1)à,126,70.0,49.2,42.6,55.8,(±6.6),877,70.0,50.3,47.4,53.2,(±2.9),4559,70.0
Idaho,43.6,40.9,46.3,(±2.7),3728,70.0,50.3,45.8,54.8,(±4.5),1617,70.0,69.9,58.5,81.3,(±11.4)à,497,70.0,50.5,44.7,56.3,(±5.8),684,70.0,36.2,29.7,42.7,(±6.5),436,70.0,41.4,38.1,44.7,(±3.3),2111,70.0,34.3,30.4,38.2,(±3.9),1366,70.0,45.0,36.0,54.0,(±9.0),331,70.0,31.1,26.8,35.4,(±4.3),1016,70.0,30.6,25.7,35.5,(±4.9),816,70.0,41.7,28.8,54.6,(±12.9)à,146,70.0,28.4,23.3,33.5,(±5.1),657,70.0,42.1,35.4,48.8,(±6.7),550,70.0,66.4,61.1,71.7,(±5.3),745,70.0,43.1,40.2,46.0,(±2.9),3077,70.0,24.7,10.9,38.5,(±13.8)à,46,70.0,44.1,34.2,54.0,(±9.9),358,70.0,51.3,38.3,64.3,(±13.0)à,204,70.0
Illinois,45.4,43.5,47.3,(±1.9),8441,70.0,60.1,57.7,62.5,(±2.4),4540,70.0,73.1,68.6,77.6,(±4.5),1468,70.0,60.8,57.5,64.1,(±3.3),1864,70.0,48.4,44.0,52.8,(±4.4),1208,70.0,41.3,38.9,43.7,(±2.4),3901,70.0,34.7,32.0,37.4,(±2.7),2768,70.0,45.2,38.9,51.5,(±6.3),641,70.0,31.8,28.9,34.7,(±2.9),2094,70.0,31.5,28.0,35.0,(±3.5),1683,70.0,41.1,31.7,50.5,(±9.4),282,70.0,29.5,25.8,33.2,(±3.7),1376,70.0,41.3,37.0,45.6,(±4.3),1085,70.0,67.4,62.9,71.9,(±4.5),1133,70.0,48.3,45.8,50.8,(±2.5),4893,70.0,39.7,34.8,44.6,(±4.9),1011,70.0,42.4,37.6,47.2,(±4.8),1768,70.0,44.3,36.1,52.5,(±8.2),722,70.0
Indiana,47.9,46.3,49.5,(±1.6),9254,70.0,56.6,53.2,60.0,(±3.4),2533,70.0,64.4,58.8,70.0,(±5.6),825,70.0,57.1,52.6,61.6,(±4.5),1157,70.0,50.2,42.0,58.4,(±8.2),551,70.0,45.3,43.5,47.1,(±1.8),6721,70.0,39.1,36.9,41.3,(±2.2),4078,70.0,47.7,43.6,51.8,(±4.1),1216,70.0,36.0,33.5,38.5,(±2.5),2803,70.0,33.0,30.3,35.7,(±2.7),2120,70.0,37.6,30.7,44.5,(±6.9),428,70.0,32.0,28.9,35.1,(±3.1),1656,70.0,50.9,47.8,54.0,(±3.1),1958,70.0,67.6,64.9,70.3,(±2.7),2643,70.0,48.3,46.5,50.1,(±1.8),7315,70.0,44.9,38.5,51.3,(±6.4),663,70.0,50.4,44.4,56.4,(±6.0),638,70.0,41.0,34.2,47.8,(±6.8),542,70.0
Iowa,54.8,53.3,56.3,(±1.5),8797,70.0,65.8,62.2,69.4,(±3.6),1717,70.0,77.2,72.0,82.4,(±5.2),566,70.0,67.7,62.7,72.7,(±5.0),704,70.0,53.4,45.9,60.9,(±7.5),447,70.0,51.6,50.0,53.2,(±1.6),7080,70.0,45.4,43.4,47.4,(±2.0),4722,70.0,54.6,50.5,58.7,(±4.1),1086,70.0,43.0,40.8,45.2,(±2.2),3595,70.0,41.0,38.6,43.4,(±2.4),2751,70.0,46.6,40.1,53.1,(±6.5),441,70.0,40.2,37.7,42.7,(±2.5),2284,70.0,54.5,51.6,57.4,(±2.9),1971,70.0,72.4,69.9,74.9,(±2.5),2358,70.0,55.4,53.8,57.0,(±1.6),7654,70.0,51.9,43.3,60.5,(±8.6),227,70.0,49.4,43.7,55.1,(±5.7),524,70.0,55.7,47.6,63.8,(±8.1),334,70.0
Kansas,50.7,49.1,52.3,(±1.6),10097,70.0,63.3,59.4,67.2,(±3.9),2369,70.0,74.5,67.1,81.9,(±7.4),752,70.0,64.1,58.5,69.7,(±5.6),929,70.0,51.4,44.8,58.0,(±6.6),688,70.0,46.8,45.0,48.6,(±1.8),7728,70.0,41.0,39.0,43.0,(±2.0),4867,70.0,46.7,42.6,50.8,(±4.1),1272,70.0,39.3,36.9,41.7,(±2.4),3525,70.0,37.5,35.0,40.0,(±2.5),2670,70.0,39.7,33.8,45.6,(±5.9),515,70.0,37.0,34.3,39.7,(±2.7),2118,70.0,48.4,45.1,51.7,(±3.3),2197,70.0,68.0,65.6,70.4,(±2.4),2861,70.0,51.9,50.2,53.6,(±1.7),8248,70.0,44.3,37.4,51.2,(±6.9),413,70.0,47.9,42.0,53.8,(±5.9),809,70.0,48.6,41.2,56.0,(±7.4),537,70.0
Kentucky,49.6,47.4,51.8,(±2.2),5619,70.0,64.8,60.4,69.2,(±4.4),1657,70.0,71.4,63.4,79.4,(±8.0),517,70.0,65.3,58.3,72.3,(±7.0),663,70.0,58.5,52.3,64.7,(±6.2),477,70.0,45.4,42.9,47.9,(±2.5),3962,70.0,39.7,36.6,42.8,(±3.1),2583,70.0,47.3,41.6,53.0,(±5.7),837,70.0,36.7,33.0,40.4,(±3.7),1707,70.0,36.5,32.4,40.6,(±4.1),1370,70.0,43.4,34.2,52.6,(±9.2),271,70.0,34.3,29.8,38.8,(±4.5),1078,70.0,46.1,41.6,50.6,(±4.5),1213,70.0,66.0,61.9,70.1,(±4.1),1379,70.0,49.2,46.8,51.6,(±2.4),4603,70.0,50.1,39.6,60.6,(±10.5)à,471,70.0,57.8,45.2,70.4,(±12.6)à,184,70.0,50.6,39.9,61.3,(±10.7)à,314,70.0
Louisiana,41.6,39.3,43.9,(±2.3),5407,70.0,56.5,53.0,60.0,(±3.5),2368,70.0,68.0,62.0,74.0,(±6.0),851,70.0,54.4,49.1,59.7,(±5.3),856,70.0,49.6,43.4,55.8,(±6.2),661,70.0,37.2,34.5,39.9,(±2.7),3039,70.0,30.7,27.8,33.6,(±2.9),2150,70.0,38.2,32.1,44.3,(±6.1),624,70.0,28.2,24.9,31.5,(±3.3),1500,70.0,24.1,20.8,27.4,(±3.3),1225,70.0,26.1,18.1,34.1,(±8.0),236,70.0,23.6,19.9,27.3,(±3.7),970,70.0,43.5,38.4,48.6,(±5.1),925,70.0,64.3,59.4,69.2,(±4.9),889,70.0,41.9,39.1,44.7,(±2.8),3460,70.0,42.6,37.8,47.4,(±4.8),1126,70.0,49.1,41.3,56.9,(±7.8),426,70.0,30.1,23.4,36.8,(±6.7),348,70.0
Maine,48.8,47.1,50.5,(±1.7),10246,70.0,62.9,59.8,66.0,(±3.1),2363,70.0,71.5,66.1,76.9,(±5.4),695,70.0,63.3,59.0,67.6,(±4.3),1106,70.0,55.4,49.6,61.2,(±5.8),562,70.0,45.6,43.6,47.6,(±2.0),7883,70.0,38.2,35.7,40.7,(±2.5),4166,70.0,45.4,40.7,50.1,(±4.7),1305,70.0,35.7,32.8,38.6,(±2.9),2799,70.0,31.4,28.1,34.7,(±3.3),1749,70.0,36.7,28.7,44.7,(±8.0),389,70.0,30.3,26.6,34.0,(±3.7),1332,70.0,48.6,45.3,51.9,(±3.3),2417,70.0,67.5,65.0,70.0,(±2.5),3717,70.0,48.8,46.9,50.7,(±1.9),9363,70.0,53.4,41.2,65.6,(±12.2)à,113,70.0,46.1,35.6,56.6,(±10.5)à,218,70.0,47.5,37.9,57.1,(±9.6),421,70.0
Maryland,57.1,55.6,58.6,(±1.5),16938,70.0,74.5,71.6,77.4,(±2.9),4410,70.0,82.0,76.8,87.2,(±5.2),1534,70.0,74.9,71.3,78.5,(±3.6),2064,70.0,63.4,57.8,69.0,(±5.6),812,70.0,52.3,50.5,54.1,(±1.8),12528,70.0,47.2,45.2,49.2,(±2.0),7271,70.0,57.9,53.8,62.0,(±4.1),1997,70.0,44.0,41.6,46.4,(±2.4),5175,70.0,43.6,40.7,46.5,(±2.9),3338,70.0,52.4,45.5,59.3,(±6.9),573,70.0,42.1,39.0,45.2,(±3.1),2719,70.0,53.1,50.6,55.6,(±2.5),3933,70.0,72.7,70.7,74.7,(±2.0),5257,70.0,60.5,58.7,62.3,(±1.8),10916,70.0,51.6,48.6,54.6,(±3.0),3284,70.0,50.7,46.1,55.3,(±4.6),1302,70.0,61.9,55.7,68.1,(±6.2),1248,70.0
Massachusetts,58.9,57.0,60.8,(±1.9),7770,70.0,81.1,77.8,84.4,(±3.3),2060,70.0,87.7,82.3,93.1,(±5.4),727,70.0,81.5,76.0,87.0,(±5.5),776,70.0,75.6,70.3,80.9,(±5.3),557,70.0,53.5,51.3,55.7,(±2.2),5710,70.0,48.1,45.6,50.6,(±2.5),3921,70.0,54.5,49.4,59.6,(±5.1),898,70.0,46.4,43.7,49.1,(±2.7),2973,70.0,45.0,41.7,48.3,(±3.3),2266,70.0,45.7,38.4,53.0,(±7.3),399,70.0,45.0,41.3,48.7,(±3.7),1830,70.0,54.3,50.6,58.0,(±3.7),1655,70.0,72.1,68.6,75.6,(±3.5),1789,70.0,58.8,56.7,60.9,(±2.1),5793,70.0,57.7,50.3,65.1,(±7.4),416,70.0,61.6,55.7,67.5,(±5.9),798,70.0,58.0,51.6,64.4,(±6.4),636,70.0
Michigan,46.1,44.4,47.8,(±1.7),9132,70.0,56.7,53.1,60.3,(±3.6),2266,70.0,71.9,66.0,77.8,(±5.9),809,70.0,56.5,50.6,62.4,(±5.9),906,70.0,44.5,38.8,50.2,(±5.7),551,70.0,43.3,41.3,45.3,(±2.0),6866,70.0,37.1,34.9,39.3,(±2.2),4494,70.0,45.6,41.3,49.9,(±4.3),1272,70.0,34.0,31.5,36.5,(±2.5),3168,70.0,31.0,28.3,33.7,(±2.7),2573,70.0,35.2,28.9,41.5,(±6.3),489,70.0,30.1,27.0,33.2,(±3.1),2046,70.0,48.4,45.1,51.7,(±3.3),1921,70.0,65.6,62.5,68.7,(±3.1),2372,70.0,47.5,45.6,49.4,(±1.9),7193,70.0,39.8,34.8,44.8,(±5.0),776,70.0,49.9,41.6,58.2,(±8.3),418,70.0,42.1,36.4,47.8,(±5.7),614,70.0
Minnesota,52.7,51.1,54.3,(±1.6),10694,70.0,64.2,60.5,67.9,(±3.7),1744,70.0,75.1,68.7,81.5,(±6.4),551,70.0,65.1,59.8,70.4,(±5.3),703,70.0,55.9,49.4,62.4,(±6.5),490,70.0,49.4,47.6,51.2,(±1.8),8950,70.0,44.6,42.6,46.6,(±2.0),6037,70.0,56.1,50.8,61.4,(±5.3),1300,70.0,41.9,39.7,44.1,(±2.2),4680,70.0,42.3,39.8,44.8,(±2.5),3455,70.0,51.9,43.1,60.7,(±8.8),522,70.0,40.7,38.0,43.4,(±2.7),2894,70.0,49.0,46.3,51.7,(±2.7),2582,70.0,68.0,65.3,70.7,(±2.7),2913,70.0,53.1,51.4,54.8,(±1.7),9066,70.0,51.2,43.0,59.4,(±8.2),342,70.0,60.5,47.7,73.3,(±12.8)à,527,70.0,50.1,44.4,55.8,(±5.7),630,70.0
Mississippi,42.0,39.6,44.4,(±2.4),6900,70.0,48.8,45.7,51.9,(±3.1),3417,70.0,62.2,56.6,67.8,(±5.6),1099,70.0,50.2,45.9,54.5,(±4.3),1742,70.0,34.1,28.1,40.1,(±6.0),576,70.0,39.9,37.0,42.8,(±2.9),3483,70.0,32.2,28.9,35.5,(±3.3),2264,70.0,41.2,35.3,47.1,(±5.9),769,70.0,28.7,24.6,32.8,(±4.1),1466,70.0,26.1,21.8,30.4,(±4.3),1201,70.0,29.3,21.5,37.1,(±7.8),275,70.0,25.5,20.4,30.6,(±5.1),909,70.0,45.0,40.1,49.9,(±4.9),1063,70.0,68.3,63.8,72.8,(±4.5),1219,70.0,45.9,42.5,49.3,(±3.4),4016,70.0,35.8,32.4,39.2,(±3.4),2182,70.0,49.4,37.6,61.2,(±11.8)à,326,70.0,35.9,26.0,45.8,(±9.9),342,70.0
Missouri,50.0,48.1,51.9,(±1.9),8597,70.0,57.0,53.3,60.7,(±3.7),1897,70.0,66.6,60.3,72.9,(±6.3),632,70.0,56.9,52.1,61.7,(±4.8),841,70.0,48.3,40.3,56.3,(±8.0),424,70.0,48.1,45.9,50.3,(±2.2),6700,70.0,41.2,38.7,43.7,(±2.5),3796,70.0,48.8,43.7,53.9,(±5.1),1138,70.0,38.5,35.6,41.4,(±2.9),2611,70.0,37.6,34.3,40.9,(±3.3),1972,70.0,41.1,33.3,48.9,(±7.8),410,70.0,36.8,33.1,40.5,(±3.7),1529,70.0,48.0,44.5,51.5,(±3.5),1824,70.0,72.9,70.0,75.8,(±2.9),2904,70.0,50.7,48.8,52.6,(±1.9),6934,70.0,43.2,37.2,49.2,(±6.0),811,70.0,53.3,44.0,62.6,(±9.3),308,70.0,48.7,40.0,57.4,(±8.7),476,70.0
Montana,48.7,46.5,50.9,(±2.2),6666,70.0,55.7,51.0,60.4,(±4.7),2097,70.0,69.0,62.4,75.6,(±6.6),703,70.0,59.4,52.2,66.6,(±7.2),949,70.0,36.6,30.0,43.2,(±6.6),445,70.0,46.8,44.3,49.3,(±2.5),4569,70.0,40.2,37.3,43.1,(±2.9),2900,70.0,52.1,45.6,58.6,(±6.5),738,70.0,37.3,34.0,40.6,(±3.3),2135,70.0,36.5,32.6,40.4,(±3.9),1602,70.0,40.9,31.1,50.7,(±9.8),292,70.0,35.7,31.4,40.0,(±4.3),1294,70.0,47.6,43.5,51.7,(±4.1),1298,70.0,67.8,63.5,72.1,(±4.3),1669,70.0,48.8,46.4,51.2,(±2.4),5450,70.0,57.3,38.7,75.9,(±18.6)à,61,70.0,41.9,24.5,59.3,(±17.4)à,224,70.0,48.4,42.0,54.8,(±6.4),867,70.0
Nebraska,54.2,52.6,55.8,(±1.6),11617,70.0,69.2,65.2,73.2,(±4.0),1765,70.0,81.7,74.8,88.6,(±6.9),576,70.0,72.1,66.2,78.0,(±5.9),716,70.0,54.6,47.8,61.4,(±6.8),473,70.0,49.5,47.7,51.3,(±1.8),9852,70.0,43.9,41.9,45.9,(±2.0),6077,70.0,51.8,47.7,55.9,(±4.1),1486,70.0,41.6,39.2,44.0,(±2.4),4526,70.0,40.4,37.9,42.9,(±2.5),3368,70.0,45.6,39.1,52.1,(±6.5),560,70.0,39.3,36.4,42.2,(±2.9),2766,70.0,51.7,48.8,54.6,(±2.9),2709,70.0,70.5,68.1,72.9,(±2.4),3775,70.0,54.4,52.7,56.1,(±1.7),9897,70.0,49.4,39.5,59.3,(±9.9),259,70.0,56.0,50.3,61.7,(±5.7),955,70.0,52.7,44.9,60.5,(±7.8),431,70.0
Nevada,37.8,33.7,41.9,(±4.1),3854,70.0,51.8,47.7,55.9,(±4.1),2371,70.0,64.6,56.1,73.1,(±8.5),801,70.0,51.9,46.1,57.7,(±5.8),910,70.0,38.4,32.7,44.1,(±5.7),660,70.0,33.9,28.8,39.0,(±5.1),1483,70.0,25.2,19.9,30.5,(±5.3),1018,70.0,24.4,15.2,33.6,(±9.2),233,70.0,25.4,18.7,32.1,(±6.7),772,70.0,20.3,15.0,25.6,(±5.3),640,70.0,NR  ,NaN,NaN,NR  ,101,70.0,20.7,14.8,26.6,(±5.9),528,70.0,34.8,24.0,45.6,(±10.8)à,378,70.0,65.3,56.5,74.1,(±8.8),465,70.0,42.1,37.6,46.6,(±4.5),2060,70.0,22.2,12.9,31.5,(±9.3),229,70.0,36.2,26.1,46.3,(±10.1)à,1105,70.0,39.7,27.1,52.3,(±12.6)à,426,70.0
New Hampshire,52.0,49.5,54.5,(±2.5),6144,70.0,67.0,63.6,70.4,(±3.4),2387,70.0,72.7,66.7,78.7,(±6.0),739,70.0,67.7,62.9,72.5,(±4.8),1153,70.0,62.0,55.1,68.9,(±6.9),495,70.0,48.6,45.7,51.5,(±2.9),3757,70.0,41.8,38.3,45.3,(±3.5),2143,70.0,46.9,40.8,53.0,(±6.1),634,70.0,39.9,35.6,44.2,(±4.3),1490,70.0,38.1,33.0,43.2,(±5.1),962,70.0,37.2,27.4,47.0,(±9.8),218,70.0,38.4,32.5,44.3,(±5.9),734,70.0,47.0,42.7,51.3,(±4.3),1181,70.0,71.5,67.8,75.2,(±3.7),1614,70.0,52.1,49.6,54.6,(±2.5),5423,70.0,38.5,23.9,53.1,(±14.6)à,103,70.0,64.9,51.1,78.7,(±13.8)à,233,70.0,48.7,38.7,58.7,(±10.0),326,70.0
New Jersey,NR,NaN,NaN,NR,NR,70.0,72.8,69.9,75.7,(±2.9),3386,70.0,84.3,80.4,88.2,(±3.9),1161,70.0,75.4,71.1,79.7,(±4.3),1487,70.0,58.6,52.7,64.5,(±5.9),738,70.0,NR,NaN,NaN,NR,NR,70.0,NR,NaN,NaN,NR,NR,70.0,NR,NaN,NaN,NR,NR,70.0,NR,NaN,NaN,NR,NR,70.0,NR,NaN,NaN,NR,NR,70.0,NR,NaN,NaN,NR,NR,70.0,NR,NaN,NaN,NR,NR,70.0,NR,NaN,NaN,NR,NR,70.0,NR,NaN,NaN,NR,NR,70.0,NR,NaN,NaN,NR,NR,70.0,NR,NaN,NaN,NR,NR,70.0,NR,NaN,NaN,NR,NR,70.0,NR,NaN,NaN,NR,NR,70.0
New Mexico,49.9,47.5,52.3,(±2.4),7277,70.0,67.5,63.7,71.3,(±3.8),2474,70.0,73.2,67.6,78.8,(±5.6),879,70.0,69.8,64.0,75.6,(±5.8),1031,70.0,58.1,50.6,65.6,(±7.5),564,70.0,44.7,41.8,47.6,(±2.9),4803,70.0,37.6,34.1,41.1,(±3.5),2994,70.0,44.4,38.3,50.5,(±6.1),784,70.0,35.8,31.5,40.1,(±4.3),2168,70.0,33.6,28.9,38.3,(±4.7),1619,70.0,34.2,25.8,42.6,(±8.4),312,70.0,33.5,28.0,39.0,(±5.5),1282,70.0,45.9,41.2,50.6,(±4.7),1375,70.0,68.7,64.2,73.2,(±4.5),1809,70.0,49.2,45.9,52.5,(±3.3),3348,70.0,42.0,28.2,55.8,(±13.8)à,94,70.0,51.8,47.7,55.9,(±4.1),2935,70.0,45.6,38.8,52.4,(±6.8),771,70.0
New York,51.9,50.4,53.4,(±1.5),23398,70.0,69.6,67.1,72.1,(±2.5),4921,70.0,77.3,73.4,81.2,(±3.9),1762,70.0,68.2,64.5,71.9,(±3.7),2022,70.0,65.5,61.0,70.0,(±4.5),1137,70.0,47.3,45.5,49.1,(±1.8),18477,70.0,42.1,40.1,44.1,(±2.0),12114,70.0,53.7,49.4,58.0,(±4.3),3301,70.0,38.8,36.4,41.2,(±2.4),8636,70.0,38.6,35.9,41.3,(±2.7),6642,70.0,46.7,39.8,53.6,(±6.9),1225,70.0,37.2,34.3,40.1,(±2.9),5307,70.0,49.3,46.4,52.2,(±2.9),5472,70.0,66.3,63.6,69.0,(±2.7),6363,70.0,53.3,51.6,55.0,(±1.7),16041,70.0,46.9,42.5,51.3,(±4.4),1874,70.0,52.8,48.9,56.7,(±3.9),3067,70.0,49.0,44.5,53.5,(±4.5),2068,70.0
North Carolina,54.9,52.7,57.1,(±2.2),6767,70.0,65.4,62.4,68.4,(±3.0),3390,70.0,75.7,70.3,81.1,(±5.4),1143,70.0,63.9,60.1,67.7,(±3.8),1605,70.0,56.9,50.7,63.1,(±6.2),642,70.0,52.0,49.3,54.7,(±2.7),3377,70.0,46.3,43.2,49.4,(±3.1),2380,70.0,55.6,49.3,61.9,(±6.3),616,70.0,43.4,39.9,46.9,(±3.5),1754,70.0,43.5,39.4,47.6,(±4.1),1466,70.0,55.0,45.2,64.8,(±9.8),258,70.0,41.3,37.0,45.6,(±4.3),1204,70.0,51.7,46.8,56.6,(±4.9),914,70.0,72.9,68.6,77.2,(±4.3),997,70.0,58.7,55.9,61.5,(±2.8),4172,70.0,49.3,44.3,54.3,(±5.0),1054,70.0,51.5,46.1,56.9,(±5.4),915,70.0,50.8,43.7,57.9,(±7.1),592,70.0
North Dakota,51.1,49.2,53.0,(±1.9),7313,70.0,64.9,60.8,69.0,(±4.1),1800,70.0,66.9,60.0,73.8,(±6.9),616,70.0,66.8,61.0,72.6,(±5.8),701,70.0,58.9,51.6,66.2,(±7.3),483,70.0,47.2,45.0,49.4,(±2.2),5513,70.0,42.0,39.3,44.7,(±2.7),3147,70.0,45.7,39.4,52.0,(±6.3),781,70.0,41.3,38.4,44.2,(±2.9),2337,70.0,40.3,36.8,43.8,(±3.5),1487,70.0,38.6,28.0,49.2,(±10.6)à,231,70.0,40.8,37.1,44.5,(±3.7),1239,70.0,45.8,42.5,49.1,(±3.3),1660,70.0,68.6,65.7,71.5,(±2.9),2366,70.0,51.7,49.6,53.8,(±2.1),6447,70.0,59.3,47.4,71.2,(±11.9)à,126,70.0,41.0,30.8,51.2,(±10.2)à,184,70.0,48.3,41.0,55.6,(±7.3),503,70.0
Ohio,50.4,48.8,52.0,(±1.6),12308,70.0,60.3,56.9,63.7,(±3.4),2632,70.0,67.3,61.9,72.7,(±5.4),847,70.0,63.3,58.1,68.5,(±5.2),1182,70.0,49.5,43.7,55.3,(±5.8),603,70.0,47.6,45.8,49.4,(±1.8),9676,70.0,40.8,38.6,43.0,(±2.2),5725,70.0,51.3,47.2,55.4,(±4.1),1780,70.0,37.1,34.6,39.6,(±2.5),3907,70.0,36.1,33.4,38.8,(±2.7),2830,70.0,42.2,35.3,49.1,(±6.9),564,70.0,34.8,31.7,37.9,(±3.1),2243,70.0,49.1,46.2,52.0,(±2.9),2895,70.0,70.0,67.5,72.5,(±2.5),3951,70.0,50.7,49.1,52.3,(±1.6),10363,70.0,48.8,43.0,54.6,(±5.8),819,70.0,56.7,48.4,65.0,(±8.3),391,70.0,47.6,39.6,55.6,(±8.0),597,70.0
Oklahoma,51.3,49.0,53.6,(±2.3),7087,70.0,56.0,53.3,58.7,(±2.7),2955,70.0,67.1,62.3,71.9,(±4.8),964,70.0,57.4,53.6,61.2,(±3.8),1286,70.0,44.6,39.6,49.6,(±5.0),705,70.0,49.8,46.9,52.7,(±2.9),4132,70.0,42.9,39.4,46.4,(±3.5),2520,70.0,47.7,42.2,53.2,(±5.5),730,70.0,41.6,37.1,46.1,(±4.5),1752,70.0,39.9,35.0,44.8,(±4.9),1415,70.0,40.0,31.0,49.0,(±9.0),273,70.0,40.2,34.3,46.1,(±5.9),1118,70.0,49.7,45.4,54.0,(±4.3),1105,70.0,75.5,72.0,79.0,(±3.5),1612,70.0,51.9,49.3,54.5,(±2.6),4757,70.0,49.8,41.8,57.8,(±8.0),388,70.0,48.6,36.4,60.8,(±12.2)à,730,70.0,52.0,46.5,57.5,(±5.5),1175,70.0
Oregon,48.3,46.2,50.4,(±2.1),6325,70.0,61.0,56.8,65.2,(±4.2),1703,70.0,75.6,68.5,82.7,(±7.1),510,70.0,62.1,56.0,68.2,(±6.1),711,70.0,48.8,42.0,55.6,(±6.8),482,70.0,45.1,42.7,47.5,(±2.4),4622,70.0,38.3,35.6,41.0,(±2.7),3217,70.0,48.5,42.4,54.6,(±6.1),852,70.0,35.6,32.5,38.7,(±3.1),2326,70.0,33.9,30.4,37.4,(±3.5),1991,70.0,42.2,33.2,51.2,(±9.0),395,70.0,32.6,28.9,36.3,(±3.7),1571,70.0,47.2,42.3,52.1,(±4.9),1226,70.0,68.1,64.4,71.8,(±3.7),1405,70.0,48.5,46.2,50.8,(±2.3),4890,70.0,45.0,30.2,59.8,(±14.8)à,94,70.0,52.7,45.9,59.5,(±6.8),717,70.0,42.3,34.0,50.6,(±8.3),521,70.0
Pennsylvania,54.2,52.6,55.8,(±1.6),11333,70.0,69.7,67.1,72.3,(±2.6),5161,70.0,81.8,78.0,85.6,(±3.8),1699,70.0,68.8,65.2,72.4,(±3.6),2159,70.0,61.3,56.3,66.3,(±5.0),1303,70.0,50.3,48.3,52.3,(±2.0),6172,70.0,43.2,40.8,45.6,(±2.4),4305,70.0,52.6,47.7,57.5,(±4.9),1132,70.0,40.2,37.5,42.9,(±2.7),3118,70.0,36.9,34.0,39.8,(±2.9),2493,70.0,45.1,38.2,52.0,(±6.9),468,70.0,35.0,31.9,38.1,(±3.1),1981,70.0,54.8,50.9,58.7,(±3.9),1812,70.0,73.8,70.5,77.1,(±3.3),1867,70.0,54.4,52.5,56.3,(±1.9),7719,70.0,51.6,45.9,57.3,(±5.7),1462,70.0,52.1,45.7,58.5,(±6.4),1111,70.0,56.4,49.6,63.2,(±6.8),954,70.0
Rhode Island,60.4,58.1,62.7,(±2.3),6699,70.0,78.0,74.8,81.2,(±3.2),2198,70.0,85.2,79.5,90.9,(±5.7),694,70.0,78.5,74.3,82.7,(±4.2),962,70.0,72.3,66.0,78.6,(±6.3),542,70.0,56.3,53.6,59.0,(±2.7),4501,70.0,51.4,47.9,54.9,(±3.5),2813,70.0,55.8,49.3,62.3,(±6.5),817,70.0,49.9,46.0,53.8,(±3.9),1965,70.0,48.7,44.0,53.4,(±4.7),1359,70.0,49.2,38.2,60.2,(±11.0)à,264,70.0,48.7,43.4,54.0,(±5.3),1073,70.0,56.2,52.3,60.1,(±3.9),1454,70.0,74.1,70.4,77.8,(±3.7),1688,70.0,61.9,59.2,64.6,(±2.7),4953,70.0,53.0,43.5,62.5,(±9.5),298,70.0,61.3,54.8,67.8,(±6.5),971,70.0,50.2,38.7,61.7,(±11.5)à,414,70.0
South Carolina,46.8,44.8,48.8,(±2.0),9389,70.0,59.7,56.4,63.0,(±3.3),2968,70.0,69.4,62.8,76.0,(±6.6),976,70.0,61.1,56.8,65.4,(±4.3),1370,70.0,48.8,42.3,55.3,(±6.5),622,70.0,43.3,40.9,45.7,(±2.4),6421,70.0,35.8,33.1,38.5,(±2.7),3503,70.0,43.8,38.3,49.3,(±5.5),1053,70.0,32.5,29.4,35.6,(±3.1),2412,70.0,29.5,26.2,32.8,(±3.3),1838,70.0,30.9,23.8,38.0,(±7.1),376,70.0,29.0,25.3,32.7,(±3.7),1438,70.0,47.7,43.0,52.4,(±4.7),1665,70.0,68.9,65.8,72.0,(±3.1),2918,70.0,48.1,45.7,50.5,(±2.4),6155,70.0,44.4,40.0,48.8,(±4.4),2007,70.0,47.7,39.9,55.5,(±7.8),572,70.0,39.7,33.2,46.2,(±6.5),583,70.0
South Dakota,54.4,51.9,56.9,(±2.5),7179,70.0,67.2,62.9,71.5,(±4.3),1956,70.0,81.8,73.2,90.4,(±8.6),632,70.0,67.4,61.7,73.1,(±5.7),802,70.0,53.0,46.9,59.1,(±6.1),522,70.0,50.4,47.5,53.3,(±2.9),5223,70.0,45.8,42.3,49.3,(±3.5),3191,70.0,51.3,44.0,58.6,(±7.3),794,70.0,44.4,40.3,48.5,(±4.1),2361,70.0,41.1,36.4,45.8,(±4.7),1679,70.0,38.5,25.6,51.4,(±12.9)à,250,70.0,41.5,36.4,46.6,(±5.1),1405,70.0,55.5,50.6,60.4,(±4.9),1512,70.0,67.1,62.8,71.4,(±4.3),2032,70.0,54.1,51.5,56.7,(±2.6),5632,70.0,59.1,37.3,80.9,(±21.8)à,73,70.0,65.8,51.1,80.5,(±14.7)à,264,70.0,52.5,45.5,59.5,(±7.0),1124,70.0
Tennessee,48.2,45.9,50.5,(±2.3),5775,70.0,62.1,58.6,65.6,(±3.5),2031,70.0,71.3,65.1,77.5,(±6.2),664,70.0,64.7,59.2,70.2,(±5.5),767,70.0,51.5,46.1,56.9,(±5.4),600,70.0,44.3,41.6,47.0,(±2.7),3744,70.0,38.0,34.7,41.3,(±3.3),2362,70.0,46.8,40.5,53.1,(±6.3),759,70.0,34.5,30.6,38.4,(±3.9),1564,70.0,33.3,28.6,38.0,(±4.7),1233,70.0,36.3,23.6,49.0,(±12.7)à,247,70.0,33.0,28.1,37.9,(±4.9),961,70.0,46.1,41.6,50.6,(±4.5),1129,70.0,66.9,63.0,70.8,(±3.9),1382,70.0,49.3,46.6,52.0,(±2.7),4409,70.0,40.5,34.3,46.7,(±6.2),593,70.0,56.8,48.8,64.8,(±8.0),356,70.0,45.2,36.4,54.0,(±8.8),366,70.0
Texas,47.9,46.2,49.6,(±1.7),20511,70.0,61.8,59.9,63.7,(±1.9),10954,70.0,72.6,69.4,75.8,(±3.2),3758,70.0,63.9,60.9,66.9,(±3.0),3407,70.0,51.9,49.1,54.7,(±2.8),3789,70.0,43.2,41.0,45.4,(±2.2),9557,70.0,37.7,35.3,40.1,(±2.4),5918,70.0,47.2,42.1,52.3,(±5.1),1576,70.0,35.0,32.3,37.7,(±2.7),4263,70.0,33.5,30.6,36.4,(±2.9),3442,70.0,35.8,28.5,43.1,(±7.3),598,70.0,33.2,30.1,36.3,(±3.1),2783,70.0,47.3,43.2,51.4,(±4.1),2476,70.0,67.5,63.8,71.2,(±3.7),3639,70.0,49.5,47.3,51.7,(±2.2),9572,70.0,47.9,42.4,53.4,(±5.5),1607,70.0,46.9,44.0,49.8,(±2.9),7619,70.0,45.5,39.5,51.5,(±6.0),1511,70.0
Utah,45.9,44.3,47.5,(±1.6),10046,70.0,55.8,52.0,59.6,(±3.8),1719,70.0,72.6,66.0,79.2,(±6.6),583,70.0,54.9,49.4,60.4,(±5.5),690,70.0,44.7,38.5,50.9,(±6.2),446,70.0,41.9,40.3,43.5,(±1.6),8327,70.0,37.5,35.7,39.3,(±1.8),6037,70.0,46.1,42.2,50.0,(±3.9),1332,70.0,35.2,33.2,37.2,(±2.0),4621,70.0,34.7,32.5,36.9,(±2.2),4129,70.0,43.8,38.3,49.3,(±5.5),692,70.0,32.8,30.6,35.0,(±2.2),3372,70.0,46.1,43.0,49.2,(±3.1),1908,70.0,64.2,61.3,67.1,(±2.9),2290,70.0,47.0,45.3,48.7,(±1.7),8455,70.0,59.5,45.0,74.0,(±14.5)à,103,70.0,37.3,33.1,41.5,(±4.2),947,70.0,50.0,40.9,59.1,(±9.1),428,70.0
Vermont,51.9,49.8,54.0,(±2.1),7170,70.0,59.4,54.7,64.1,(±4.7),2411,70.0,72.4,64.8,80.0,(±7.6),717,70.0,64.6,59.6,69.6,(±5.0),1164,70.0,44.7,35.6,53.8,(±9.1),530,70.0,50.2,47.8,52.6,(±2.4),4759,70.0,44.0,41.1,46.9,(±2.9),2828,70.0,56.1,50.2,62.0,(±5.9),763,70.0,40.2,36.9,43.5,(±3.3),2033,70.0,37.8,33.7,41.9,(±4.1),1288,70.0,47.5,38.1,56.9,(±9.4),264,70.0,35.5,31.0,40.0,(±4.5),1010,70.0,53.9,50.2,57.6,(±3.7),1540,70.0,69.4,66.1,72.7,(±3.3),1931,70.0,52.7,50.4,55.0,(±2.3),6415,70.0,47.9,25.1,70.7,(±22.8)à,100,70.0,45.1,30.5,59.7,(±14.6)à,162,70.0,41.3,33.0,49.6,(±8.3),417,70.0
Virginia,54.7,53.0,56.4,(±1.7),11249,70.0,69.6,66.4,72.8,(±3.2),3148,70.0,84.6,80.1,89.1,(±4.5),1130,70.0,67.3,62.8,71.8,(±4.5),1442,70.0,57.1,50.3,63.9,(±6.8),576,70.0,50.6,48.6,52.6,(±2.0),8101,70.0,45.6,43.2,48.0,(±2.4),5467,70.0,52.6,48.1,57.1,(±4.5),1446,70.0,43.4,40.5,46.3,(±2.9),3953,70.0,42.6,39.5,45.7,(±3.1),3062,70.0,44.8,38.1,51.5,(±6.7),549,70.0,42.1,38.4,45.8,(±3.7),2469,70.0,51.8,48.5,55.1,(±3.3),2405,70.0,71.4,68.5,74.3,(±2.9),2634,70.0,58.5,56.6,60.4,(±1.9),7669,70.0,46.0,41.7,50.3,(±4.3),1500,70.0,51.9,44.4,59.4,(±7.5),899,70.0,51.5,45.9,57.1,(±5.6),1017,70.0
Washington,53.8,52.2,55.4,(±1.6),12131,70.0,63.8,60.4,67.2,(±3.4),2185,70.0,76.1,70.2,82.0,(±5.9),763,70.0,65.1,60.3,69.9,(±4.8),932,70.0,49.3,43.0,55.6,(±6.3),490,70.0,51.1,49.3,52.9,(±1.8),9946,70.0,45.4,43.4,47.4,(±2.0),6012,70.0,54.9,51.0,58.8,(±3.9),1512,70.0,42.8,40.6,45.0,(±2.2),4431,70.0,41.3,38.8,43.8,(±2.5),3362,70.0,50.0,43.7,56.3,(±6.3),576,70.0,39.8,37.1,42.5,(±2.7),2748,70.0,53.9,51.0,56.8,(±2.9),2650,70.0,71.7,69.2,74.2,(±2.5),3934,70.0,54.3,52.7,55.9,(±1.6),9456,70.0,49.8,40.9,58.7,(±8.9),249,70.0,49.8,45.1,54.5,(±4.7),1085,70.0,58.4,53.5,63.3,(±4.9),1170,70.0
West Virginia,48.2,46.2,50.2,(±2.0),6964,70.0,55.2,52.2,58.2,(±3.0),2883,70.0,69.5,64.5,74.5,(±5.0),950,70.0,54.5,50.6,58.4,(±3.9),1359,70.0,45.8,39.7,51.9,(±6.1),574,70.0,46.5,44.1,48.9,(±2.4),4081,70.0,39.1,36.4,41.8,(±2.7),2471,70.0,49.1,44.2,54.0,(±4.9),899,70.0,34.8,31.5,38.1,(±3.3),1557,70.0,32.5,29.0,36.0,(±3.5),1212,70.0,39.8,32.2,47.4,(±7.6),295,70.0,30.9,26.8,35.0,(±4.1),910,70.0,50.9,46.8,55.0,(±4.1),1259,70.0,69.1,65.6,72.6,(±3.5),1610,70.0,48.6,46.6,50.6,(±2.0),6107,70.0,45.1,34.9,55.3,(±10.2)à,226,70.0,39.7,29.5,49.9,(±10.2)à,174,70.0,48.8,40.8,56.8,(±8.0),391,70.0
Wisconsin,50.9,48.6,53.2,(±2.3),5561,70.0,60.0,56.8,63.2,(±3.2),2600,70.0,75.5,69.4,81.6,(±6.1),822,70.0,61.7,57.3,66.1,(±4.4),1177,70.0,44.3,38.7,49.9,(±5.6),601,70.0,48.4,45.7,51.1,(±2.7),2961,70.0,43.4,40.1,46.7,(±3.3),1864,70.0,49.4,42.3,56.5,(±7.1),452,70.0,41.8,37.9,45.7,(±3.9),1398,70.0,40.4,35.9,44.9,(±4.5),938,70.0,41.8,30.4,53.2,(±11.4)à,152,70.0,40.3,35.4,45.2,(±4.9),778,70.0,48.4,43.7,53.1,(±4.7),926,70.0,66.0,61.7,70.3,(±4.3),1097,70.0,51.3,48.8,53.8,(±2.5),4362,70.0,51.5,39.1,63.9,(±12.4)à,280,70.0,48.8,40.6,57.0,(±8.2),482,70.0,46.1,35.9,56.3,(±10.2)à,404,70.0
Wyoming,40.7,38.4,43.0,(±2.3),5447,70.0,46.0,42.0,50.0,(±4.0),1957,70.0,51.1,43.1,59.1,(±8.0),643,70.0,49.8,44.4,55.2,(±5.4),894,70.0,33.3,26.8,39.8,(±6.5),420,70.0,39.1,36.4,41.8,(±2.7),3490,70.0,32.4,29.3,35.5,(±3.1),1958,70.0,39.5,30.7,48.3,(±8.8),490,70.0,30.7,27.2,34.2,(±3.5),1453,70.0,28.0,24.1,31.9,(±3.9),964,70.0,23.6,14.8,32.4,(±8.8),159,70.0,29.2,24.9,33.5,(±4.3),795,70.0,42.1,35.6,48.6,(±6.5),994,70.0,63.9,60.0,67.8,(±3.9),1532,70.0,40.7,38.2,43.2,(±2.5),4625,70.0,53.8,33.1,74.5,(±20.7)à,57,70.0,39.0,30.8,47.2,(±8.2),417,70.0,42.2,31.9,52.5,(±10.3)à,260,70.0
United States,49.2,48.9,49.5,(±0.3),441506,70.0,62.6,61.9,63.3,(±0.7),139358,70.0,73.4,72.2,74.6,(±1.2),46248,70.0,63.6,62.6,64.6,(±1.0),59141,70.0,52.2,50.9,53.5,(±1.3),33969,70.0,45.3,44.9,45.7,(±0.4),302148,70.0,39.0,38.4,39.6,(±0.6),190093,70.0,47.9,46.7,49.1,(±1.2),50850,70.0,36.4,35.8,37.0,(±0.6),136956,70.0,34.9,34.3,35.5,(±0.6),103839,70.0,40.4,38.8,42.0,(±1.6),18805,70.0,33.8,33.0,34.6,(±0.8),83573,70.0,47.3,46.5,48.1,(±0.8),86254,70.0,68.1,67.3,68.9,(±0.8),112055,70.0,51.0,50.7,51.3,(±0.3),313403,70.0,44.7,43.4,46.0,(±1.3),34981,70.0,46.4,45.3,47.5,(±1.1),50567,70.0,47.3,45.9,48.7,(±1.4),37642,70.0
Region  1,56.5,55.5,57.5,(±1.0),47287,70.0,75.3,73.5,77.1,(±1.8),13207,70.0,85.0,81.7,88.3,(±3.3),4089,70.0,75.1,72.5,77.7,(±2.6),5855,70.0,68.5,65.2,71.8,(±3.3),3263,70.0,52.0,50.8,53.2,(±1.2),34080,70.0,46.1,44.7,47.5,(±1.4),20444,70.0,52.6,49.9,55.3,(±2.7),5603,70.0,44.1,42.3,45.9,(±1.8),14594,70.0,42.1,40.1,44.1,(±2.0),9776,70.0,44.3,40.2,48.4,(±4.1),1926,70.0,41.6,39.2,44.0,(±2.4),7705,70.0,52.9,50.9,54.9,(±2.0),10668,70.0,72.2,70.4,74.0,(±1.8),13636,70.0,57.1,55.9,58.3,(±1.2),38867,70.0,54.9,50.5,59.3,(±4.4),1686,70.0,56.3,52.7,59.9,(±3.6),3332,70.0,54.8,50.9,58.7,(±3.9),2817,70.0
Region  2,53.8,52.4,55.2,(±1.4),26785,70.0,70.7,68.8,72.6,(±1.9),8308,70.0,79.5,76.5,82.5,(±3.0),2924,70.0,70.6,67.7,73.5,(±2.9),3509,70.0,63.5,59.9,67.1,(±3.6),1875,70.0,47.3,45.5,49.1,(±1.8),18477,70.0,42.1,40.1,44.1,(±2.0),12114,70.0,53.7,49.4,58.0,(±4.3),3301,70.0,38.8,36.4,41.2,(±2.4),8636,70.0,38.6,35.9,41.3,(±2.7),6642,70.0,46.7,39.8,53.6,(±6.9),1225,70.0,37.2,34.3,40.1,(±2.9),5307,70.0,49.3,46.4,52.2,(±2.9),5472,70.0,66.3,63.6,69.0,(±2.7),6363,70.0,54.5,52.9,56.1,(±1.6),17724,70.0,49.6,45.5,53.7,(±4.1),2183,70.0,55.8,52.3,59.3,(±3.5),3945,70.0,51.6,47.6,55.6,(±4.0),2585,70.0
Region  3,54.6,53.6,55.6,(±1.0),55570,70.0,69.8,68.3,71.3,(±1.5),21795,70.0,81.8,79.4,84.2,(±2.4),7411,70.0,69.2,67.1,71.3,(±2.1),10028,70.0,59.7,56.5,62.9,(±3.2),4356,70.0,50.5,49.3,51.7,(±1.2),33775,70.0,44.3,42.9,45.7,(±1.4),21387,70.0,53.1,50.6,55.6,(±2.5),5994,70.0,41.6,40.0,43.2,(±1.6),15128,70.0,39.4,37.8,41.0,(±1.6),11148,70.0,45.3,41.4,49.2,(±3.9),2087,70.0,38.2,36.4,40.0,(±1.8),8899,70.0,53.5,51.5,55.5,(±2.0),10239,70.0,72.7,70.9,74.5,(±1.8),12388,70.0,55.9,54.9,56.9,(±1.0),37205,70.0,49.9,47.4,52.4,(±2.5),8137,70.0,51.9,48.2,55.6,(±3.7),5160,70.0,55.7,52.0,59.4,(±3.7),4501,70.0
Region  4,45.9,45.1,46.7,(±0.8),68549,70.0,58.4,57.0,59.8,(±1.4),22852,70.0,67.4,64.9,69.9,(±2.5),7511,70.0,59.6,57.7,61.5,(±1.9),10301,70.0,48.2,45.7,50.7,(±2.5),5040,70.0,42.5,41.5,43.5,(±1.0),45697,70.0,35.6,34.4,36.8,(±1.2),28066,70.0,44.1,41.4,46.8,(±2.7),8347,70.0,32.6,31.2,34.0,(±1.4),19386,70.0,31.5,29.9,33.1,(±1.6),15319,70.0,37.3,33.6,41.0,(±3.7),2916,70.0,30.3,28.7,31.9,(±1.6),12202,70.0,43.3,41.1,45.5,(±2.2),12747,70.0,65.2,63.6,66.8,(±1.6),17631,70.0,49.0,48.0,50.0,(±1.0),45933,70.0,41.3,38.8,43.8,(±2.5),11325,70.0,41.2,38.8,43.6,(±2.4),6214,70.0,42.9,39.7,46.1,(±3.2),4413,70.0
Region  5,48.3,47.5,49.1,(±0.8),55393,70.0,59.6,58.2,61.0,(±1.4),16318,70.0,71.0,68.7,73.3,(±2.3),5324,70.0,60.9,58.9,62.9,(±2.0),6990,70.0,48.4,46.0,50.8,(±2.4),4004,70.0,45.2,44.2,46.2,(±1.0),39075,70.0,39.0,38.0,40.0,(±1.0),24966,70.0,48.4,46.2,50.6,(±2.2),6661,70.0,36.1,34.9,37.3,(±1.2),18050,70.0,34.7,33.3,36.1,(±1.4),13599,70.0,40.7,37.2,44.2,(±3.5),2437,70.0,33.5,31.9,35.1,(±1.6),10993,70.0,47.2,45.6,48.8,(±1.6),11367,70.0,67.5,66.1,68.9,(±1.4),14109,70.0,49.6,48.7,50.5,(±0.9),43196,70.0,43.8,41.2,46.4,(±2.6),3891,70.0,47.3,44.3,50.3,(±3.0),4225,70.0,44.5,41.3,47.7,(±3.2),3507,70.0
Region  6,47.7,46.6,48.8,(±1.1),45524,70.0,61.2,59.8,62.6,(±1.4),21098,70.0,71.5,69.1,73.9,(±2.4),7190,70.0,62.5,60.3,64.7,(±2.2),7649,70.0,51.7,49.4,54.0,(±2.3),6259,70.0,43.3,41.9,44.7,(±1.4),24426,70.0,37.4,35.8,39.0,(±1.6),15024,70.0,45.4,42.1,48.7,(±3.3),4208,70.0,35.0,33.0,37.0,(±2.0),10608,70.0,32.9,30.9,34.9,(±2.0),8385,70.0,34.5,29.8,39.2,(±4.7),1567,70.0,32.7,30.5,34.9,(±2.2),6677,70.0,47.2,44.5,49.9,(±2.7),6639,70.0,67.6,65.2,70.0,(±2.4),9402,70.0,48.7,47.2,50.2,(±1.5),24983,70.0,46.7,43.1,50.3,(±3.6),3816,70.0,47.3,44.8,49.8,(±2.5),12105,70.0,44.7,40.7,48.7,(±4.0),4167,70.0
Region  7,51.7,50.7,52.7,(±1.0),39108,70.0,62.0,59.9,64.1,(±2.1),7748,70.0,72.6,69.0,76.2,(±3.6),2527,70.0,62.7,59.9,65.5,(±2.8),3190,70.0,51.5,47.3,55.7,(±4.2),2031,70.0,48.7,47.5,49.9,(±1.2),31360,70.0,42.3,40.9,43.7,(±1.4),19462,70.0,49.9,47.2,52.6,(±2.7),4982,70.0,40.0,38.6,41.4,(±1.4),14257,70.0,38.6,36.8,40.4,(±1.8),10761,70.0,42.4,38.1,46.7,(±4.3),1926,70.0,37.8,36.0,39.6,(±1.8),8697,70.0,49.9,47.9,51.9,(±2.0),8701,70.0,71.5,69.9,73.1,(±1.6),11898,70.0,52.5,51.4,53.6,(±1.1),32731,70.0,44.8,40.6,49.0,(±4.2),1710,70.0,51.5,47.9,55.1,(±3.6),2598,70.0,50.3,45.7,54.9,(±4.6),1778,70.0
Region  8,49.5,48.6,50.4,(±0.9),46072,70.0,60.4,58.5,62.3,(±1.9),11625,70.0,70.3,66.9,73.7,(±3.4),3857,70.0,62.0,59.3,64.7,(±2.7),4907,70.0,50.1,46.6,53.6,(±3.5),2861,70.0,46.1,45.1,47.1,(±1.0),34447,70.0,40.8,39.6,42.0,(±1.2),22057,70.0,49.7,47.2,52.2,(±2.5),5215,70.0,38.6,37.2,40.0,(±1.4),16585,70.0,36.9,35.3,38.5,(±1.6),12613,70.0,42.8,39.1,46.5,(±3.7),2060,70.0,36.0,34.4,37.6,(±1.6),10371,70.0,49.8,48.0,51.6,(±1.8),9444,70.0,68.0,66.4,69.6,(±1.6),12390,70.0,49.6,48.7,50.5,(±0.9),37342,70.0,58.9,51.7,66.1,(±7.2),664,70.0,46.2,43.6,48.8,(±2.6),3726,70.0,50.2,46.3,54.1,(±3.9),3717,70.0
Region  9,46.7,45.3,48.1,(±1.4),30862,70.0,61.8,58.9,64.7,(±2.9),9216,70.0,74.4,69.6,79.2,(±4.8),3125,70.0,64.4,60.0,68.8,(±4.4),3786,70.0,48.9,43.8,54.0,(±5.1),2305,70.0,42.4,40.8,44.0,(±1.6),21646,70.0,36.1,34.3,37.9,(±1.8),14279,70.0,45.3,41.4,49.2,(±3.9),3443,70.0,33.5,31.7,35.3,(±1.8),10668,70.0,32.7,30.5,34.9,(±2.2),8525,70.0,38.8,32.7,44.9,(±6.1),1398,70.0,31.3,29.1,33.5,(±2.2),7005,70.0,43.6,40.9,46.3,(±2.7),5754,70.0,68.0,65.1,70.9,(±2.9),7367,70.0,50.5,48.6,52.4,(±1.9),15117,70.0,40.0,33.1,46.9,(±6.9),1077,70.0,43.9,41.5,46.3,(±2.4),6896,70.0,45.7,42.2,49.2,(±3.5),7331,70.0
Region 10,50.2,49.2,51.2,(±1.0),26356,70.0,60.8,58.5,63.1,(±2.3),7191,70.0,74.3,70.1,78.5,(±4.2),2290,70.0,61.7,58.5,64.9,(±3.2),2926,70.0,48.0,43.8,52.2,(±4.2),1975,70.0,47.3,46.1,48.5,(±1.2),19165,70.0,41.1,39.7,42.5,(±1.4),12294,70.0,51.0,47.9,54.1,(±3.1),3096,70.0,38.4,36.8,40.0,(±1.6),9044,70.0,37.1,35.3,38.9,(±1.8),7071,70.0,45.7,41.2,50.2,(±4.5),1263,70.0,35.6,33.6,37.6,(±2.0),5717,70.0,49.5,47.1,51.9,(±2.4),5223,70.0,69.4,67.4,71.4,(±2.0),6871,70.0,50.3,49.1,51.5,(±1.2),20305,70.0,47.1,40.2,54.0,(±6.9),492,70.0,49.6,46.0,53.2,(±3.6),2366,70.0,52.6,48.9,56.3,(±3.7),2826,70.0