,Influenza vaccination (General Population) - Age,,,,,,,,,,,,,,,,,,,,,,,,,,,,,,,,,,,,,,,,,,,,,,,,,,,,,,,,,,,,,,,,,,,,,,,,,,,,,,,,,,,,Influenza vaccination (General Population) - Race/ethnicity,,,,,,,,,,,,,,,,,,,,,,,
,≥6 months,,,,,,6 months - 17 years,,,,,,6 months - 4 years,,,,,,5-12 years,,,,,,13-17 years,,,,,,≥18 years,,,,,,18-64 years,,,,,,18-64 years at high risk,,,,,,18-64 years not at high risk,,,,,,18-49 years,,,,,,18-49 years at high risk,,,,,,18-49 years not at high risk,,,,,,50-64 years,,,,,,≥65 years,,,,,,"White only, non-Hispanic",,,,,,"Black only, non-Hispanic",,,,,,Hispanic,,,,,,"Other or multiple races, non-Hispanic",,,,,
Names,2016-17,LL,UL,CI,SAMPLE,TARGET,2016-17,LL,UL,CI,SAMPLE,TARGET,2016-17,LL,UL,CI,SAMPLE,TARGET,2016-17,LL,UL,CI,SAMPLE,TARGET,2016-17,LL,UL,CI,SAMPLE,TARGET,2016-17,LL,UL,CI,SAMPLE,TARGET,2016-17,LL,UL,CI,SAMPLE,TARGET,2016-17,LL,UL,CI,SAMPLE,TARGET,2016-17,LL,UL,CI,SAMPLE,TARGET,2016-17,LL,UL,CI,SAMPLE,TARGET,2016-17,LL,UL,CI,SAMPLE,TARGET,2016-17,LL,UL,CI,SAMPLE,TARGET,2016-17,LL,UL,CI,SAMPLE,TARGET,2016-17,LL,UL,CI,SAMPLE,TARGET,2016-17,LL,UL,CI,SAMPLE,TARGET,2016-17,LL,UL,CI,SAMPLE,TARGET,2016-17,LL,UL,CI,SAMPLE,TARGET,2016-17,LL,UL,CI,SAMPLE,TARGET
Alabama,43.9,42.1,45.7,(±1.8),7901,70.0,54.3,51.0,57.6,(±3.3),2555,70.0,68.4,62.6,74.2,(±5.8),757,70.0,55.1,50.5,59.7,(±4.6),1196,70.0,43.2,36.1,50.3,(±7.1),602,70.0,41.0,38.8,43.2,(±2.2),5346,70.0,34.9,32.4,37.4,(±2.5),3393,70.0,41.9,36.8,47.0,(±5.1),1169,70.0,32.1,29.0,35.2,(±3.1),2187,70.0,28.5,25.2,31.8,(±3.3),1774,70.0,29.1,21.3,36.9,(±7.8),435,70.0,28.6,24.9,32.3,(±3.7),1313,70.0,47.5,43.4,51.6,(±4.1),1619,70.0,63.0,59.7,66.3,(±3.3),1953,70.0,45.2,42.8,47.6,(±2.4),5298,70.0,39.2,35.5,42.9,(±3.7),1822,70.0,55.4,44.1,66.7,(±11.3)‡,302,70.0,38.9,30.8,47.0,(±8.1),414,70.0
Alaska,39.1,35.9,42.3,(±3.2),4998,70.0,45.8,39.7,51.9,(±6.1),2238,70.0,43.9,27.6,60.2,(±16.3)‡,688,70.0,52.2,45.5,58.9,(±6.7),971,70.0,38.2,31.0,45.4,(±7.2),579,70.0,36.9,33.2,40.6,(±3.7),2760,70.0,33.6,29.5,37.7,(±4.1),1989,70.0,41.3,33.5,49.1,(±7.8),430,70.0,32.0,27.1,36.9,(±4.9),1534,70.0,31.6,25.9,37.3,(±5.7),980,70.0,35.6,23.6,47.6,(±12.0)‡,146,70.0,31.1,24.8,37.4,(±6.3),823,70.0,38.0,33.1,42.9,(±4.9),1009,70.0,55.6,49.7,61.5,(±5.9),771,70.0,37.8,34.5,41.1,(±3.3),3264,70.0,48.8,28.9,68.7,(±19.9)‡,87,70.0,36.0,23.8,48.2,(±12.2)‡,293,70.0,44.2,35.3,53.1,(±8.9),1298,70.0
Arizona,41.8,40.2,43.4,(±1.6),11261,70.0,50.8,47.5,54.1,(±3.3),2357,70.0,60.4,54.3,66.5,(±6.1),706,70.0,54.6,49.8,59.4,(±4.8),1030,70.0,38.0,32.3,43.7,(±5.7),621,70.0,39.2,37.4,41.0,(±1.8),8904,70.0,32.7,30.9,34.5,(±1.8),4950,70.0,41.8,38.1,45.5,(±3.7),1368,70.0,29.7,27.5,31.9,(±2.2),3522,70.0,28.1,25.7,30.5,(±2.4),2486,70.0,34.9,29.0,40.8,(±5.9),474,70.0,26.6,24.1,29.1,(±2.5),1974,70.0,42.5,39.8,45.2,(±2.7),2464,70.0,60.8,57.9,63.7,(±2.9),3954,70.0,43.3,41.5,45.1,(±1.8),7705,70.0,33.6,26.8,40.4,(±6.8),337,70.0,41.1,38.0,44.2,(±3.1),2052,70.0,39.6,34.9,44.3,(±4.7),992,70.0
Arkansas,46.2,43.3,49.1,(±2.9),6418,70.0,60.6,56.8,64.4,(±3.8),2303,70.0,63.7,56.8,70.6,(±6.9),691,70.0,66.0,60.9,71.1,(±5.1),1027,70.0,49.0,42.0,56.0,(±7.0),585,70.0,41.9,38.4,45.4,(±3.5),4115,70.0,35.8,31.5,40.1,(±4.3),2075,70.0,44.5,35.9,53.1,(±8.6),694,70.0,32.3,28.2,36.4,(±4.1),1349,70.0,30.1,25.8,34.4,(±4.3),896,70.0,36.0,25.8,46.2,(±10.2)‡,189,70.0,29.0,24.1,33.9,(±4.9),685,70.0,46.9,38.7,55.1,(±8.2),1179,70.0,62.8,59.1,66.5,(±3.7),2040,70.0,44.9,42.2,47.6,(±2.7),4705,70.0,47.5,35.1,59.9,(±12.4)‡,802,70.0,53.1,44.3,61.9,(±8.8),405,70.0,50.2,40.4,60.0,(±9.8),451,70.0
California,48.0,45.0,51.0,(±3.0),8010,70.0,62.2,58.6,65.8,(±3.6),3095,70.0,73.3,66.8,79.8,(±6.5),1059,70.0,61.5,56.4,66.6,(±5.1),1348,70.0,53.9,47.3,60.5,(±6.6),688,70.0,43.9,40.2,47.6,(±3.7),4915,70.0,39.1,35.2,43.0,(±3.9),3726,70.0,44.4,36.2,52.6,(±8.2),789,70.0,38.2,33.7,42.7,(±4.5),2896,70.0,36.4,31.9,40.9,(±4.5),2436,70.0,43.3,32.7,53.9,(±10.6)‡,366,70.0,35.8,30.9,40.7,(±4.9),2038,70.0,45.7,37.9,53.5,(±7.8),1290,70.0,66.2,55.8,76.6,(±10.4)‡,1189,70.0,50.4,46.4,54.4,(±4.0),3827,70.0,37.0,25.9,48.1,(±11.1)‡,389,70.0,46.6,40.9,52.3,(±5.7),2442,70.0,51.7,44.3,59.1,(±7.4),1261,70.0
Colorado,49.9,48.1,51.7,(±1.8),10103,70.0,63.4,58.3,68.5,(±5.1),2406,70.0,76.8,70.4,83.2,(±6.4),692,70.0,66.2,58.7,73.7,(±7.5),1096,70.0,47.3,39.9,54.7,(±7.4),618,70.0,46.1,44.3,47.9,(±1.8),7697,70.0,40.9,38.7,43.1,(±2.2),4930,70.0,46.5,42.0,51.0,(±4.5),1134,70.0,39.4,36.9,41.9,(±2.5),3729,70.0,36.7,34.0,39.4,(±2.7),2522,70.0,35.3,28.6,42.0,(±6.7),416,70.0,37.1,34.0,40.2,(±3.1),2063,70.0,50.0,46.9,53.1,(±3.1),2408,70.0,68.5,65.6,71.4,(±2.9),2767,70.0,48.5,46.7,50.3,(±1.8),7503,70.0,58.6,48.3,68.9,(±10.3)‡,271,70.0,51.1,45.7,56.5,(±5.4),1526,70.0,57.3,51.1,63.5,(±6.2),611,70.0
Connecticut,52.7,51.0,54.4,(±1.7),11507,70.0,68.6,65.5,71.7,(±3.1),2827,70.0,84.5,80.2,88.8,(±4.3),794,70.0,70.6,66.7,74.5,(±3.9),1377,70.0,55.5,48.6,62.4,(±6.9),656,70.0,48.6,46.6,50.6,(±2.0),8680,70.0,43.6,41.2,46.0,(±2.4),5459,70.0,53.8,48.9,58.7,(±4.9),1433,70.0,40.1,37.6,42.6,(±2.5),3975,70.0,40.8,37.7,43.9,(±3.1),2421,70.0,51.2,43.4,59.0,(±7.8),490,70.0,38.0,34.5,41.5,(±3.5),1904,70.0,47.9,45.0,50.8,(±2.9),3038,70.0,66.6,64.2,69.0,(±2.4),3221,70.0,53.4,51.6,55.2,(±1.8),8717,70.0,49.6,43.6,55.6,(±6.0),748,70.0,53.3,48.0,58.6,(±5.3),1170,70.0,50.2,43.8,56.6,(±6.4),744,70.0
Delaware,51.2,48.1,54.3,(±3.1),4687,70.0,65.4,60.9,69.9,(±4.5),2166,70.0,76.3,68.7,83.9,(±7.6),647,70.0,63.5,57.4,69.6,(±6.1),931,70.0,58.4,50.7,66.1,(±7.7),588,70.0,47.5,43.8,51.2,(±3.7),2521,70.0,39.7,35.4,44.0,(±4.3),1607,70.0,57.5,48.1,66.9,(±9.4),387,70.0,34.5,29.8,39.2,(±4.7),1199,70.0,32.5,27.0,38.0,(±5.5),886,70.0,53.7,38.4,69.0,(±15.3)‡,142,70.0,28.3,22.6,34.0,(±5.7),731,70.0,52.8,46.1,59.5,(±6.7),721,70.0,73.6,68.3,78.9,(±5.3),914,70.0,54.6,50.7,58.5,(±3.9),2815,70.0,41.9,34.8,49.0,(±7.1),693,70.0,48.1,41.1,55.1,(±7.0),653,70.0,56.0,45.6,66.4,(±10.4)‡,470,70.0
District of Columbia,48.3,45.3,51.3,(±3.0),5244,70.0,73.7,69.2,78.2,(±4.5),2638,70.0,83.8,78.0,89.6,(±5.8),862,70.0,73.3,66.4,80.2,(±6.9),1085,70.0,61.0,52.6,69.4,(±8.4),691,70.0,43.3,39.8,46.8,(±3.5),2606,70.0,39.4,35.3,43.5,(±4.1),1932,70.0,48.4,40.0,56.8,(±8.4),489,70.0,36.8,32.3,41.3,(±4.5),1421,70.0,36.0,31.1,40.9,(±4.9),1169,70.0,41.0,30.0,52.0,(±11.0)‡,223,70.0,34.7,29.4,40.0,(±5.3),930,70.0,50.6,44.1,57.1,(±6.5),763,70.0,65.0,58.5,71.5,(±6.5),674,70.0,56.3,50.8,61.8,(±5.5),1903,70.0,42.7,38.5,46.9,(±4.2),2228,70.0,52.0,42.9,61.1,(±9.1),608,70.0,38.1,27.1,49.1,(±11.0)‡,473,70.0
Florida,43.3,42.0,44.6,(±1.3),29185,70.0,56.7,53.2,60.2,(±3.5),3230,70.0,63.9,58.0,69.8,(±5.9),991,70.0,56.9,51.8,62.0,(±5.1),1487,70.0,51.3,44.6,58.0,(±6.7),752,70.0,40.1,38.7,41.5,(±1.4),25955,70.0,30.9,29.3,32.5,(±1.6),15412,70.0,38.9,35.6,42.2,(±3.3),4326,70.0,28.6,26.8,30.4,(±1.8),10908,70.0,27.7,25.7,29.7,(±2.0),8084,70.0,30.9,26.0,35.8,(±4.9),1434,70.0,27.3,25.1,29.5,(±2.2),6548,70.0,36.6,34.1,39.1,(±2.5),7328,70.0,64.0,61.8,66.2,(±2.2),10543,70.0,45.1,43.6,46.6,(±1.5),20529,70.0,40.5,36.6,44.4,(±3.9),2877,70.0,40.7,38.0,43.4,(±2.7),3877,70.0,40.0,34.8,45.2,(±5.2),1434,70.0
Georgia,42.8,40.5,45.1,(±2.3),5679,70.0,54.4,50.8,58.0,(±3.6),2769,70.0,63.3,56.3,70.3,(±7.0),889,70.0,56.6,51.4,61.8,(±5.2),1330,70.0,41.2,35.4,47.0,(±5.8),550,70.0,39.2,36.5,41.9,(±2.7),2910,70.0,33.5,30.4,36.6,(±3.1),1875,70.0,42.0,35.5,48.5,(±6.5),486,70.0,31.4,27.9,34.9,(±3.5),1351,70.0,29.6,25.9,33.3,(±3.7),1092,70.0,30.0,21.0,39.0,(±9.0),174,70.0,30.3,26.0,34.6,(±4.3),887,70.0,42.3,36.8,47.8,(±5.5),783,70.0,64.8,59.7,69.9,(±5.1),1035,70.0,45.6,42.6,48.6,(±3.0),3114,70.0,37.1,32.7,41.5,(±4.4),1386,70.0,46.0,39.4,52.6,(±6.6),590,70.0,45.4,36.5,54.3,(±8.9),506,70.0
Hawaii,49.2,47.0,51.4,(±2.2),8487,70.0,60.6,56.3,64.9,(±4.3),2415,70.0,65.6,58.1,73.1,(±7.5),758,70.0,65.6,59.5,71.7,(±6.1),1103,70.0,50.1,42.5,57.7,(±7.6),554,70.0,46.2,43.7,48.7,(±2.5),6072,70.0,40.5,37.8,43.2,(±2.7),4062,70.0,53.7,47.2,60.2,(±6.5),1027,70.0,36.7,33.8,39.6,(±2.9),3006,70.0,36.6,33.1,40.1,(±3.5),2245,70.0,48.4,39.8,57.0,(±8.6),405,70.0,34.4,30.7,38.1,(±3.7),1824,70.0,48.9,44.2,53.6,(±4.7),1817,70.0,66.2,61.1,71.3,(±5.1),2010,70.0,43.7,40.2,47.2,(±3.5),2507,70.0,57.5,38.8,76.2,(±18.7)‡,102,70.0,49.2,43.0,55.4,(±6.2),818,70.0,51.3,48.2,54.4,(±3.1),4988,70.0
Idaho,39.5,37.3,41.7,(±2.2),5946,70.0,46.7,42.1,51.3,(±4.6),1743,70.0,61.0,52.0,70.0,(±9.0),526,70.0,48.1,41.1,55.1,(±7.0),684,70.0,35.0,28.1,41.9,(±6.9),533,70.0,37.1,34.6,39.6,(±2.5),4203,70.0,31.1,28.2,34.0,(±2.9),2615,70.0,38.4,32.7,44.1,(±5.7),649,70.0,29.3,26.0,32.6,(±3.3),1948,70.0,28.3,24.4,32.2,(±3.9),1374,70.0,32.6,23.8,41.4,(±8.8),255,70.0,27.6,23.1,32.1,(±4.5),1109,70.0,37.4,33.5,41.3,(±3.9),1241,70.0,60.3,56.8,63.8,(±3.5),1588,70.0,39.3,37.0,41.6,(±2.3),5127,70.0,57.0,35.3,78.7,(±21.7)‡,36,70.0,42.5,35.9,49.1,(±6.6),483,70.0,29.2,20.9,37.5,(±8.3),237,70.0
Illinois,41.8,39.3,44.3,(±2.5),6936,70.0,55.3,52.6,58.0,(±2.7),4601,70.0,68.5,63.6,73.4,(±4.9),1361,70.0,54.7,51.3,58.1,(±3.4),2069,70.0,45.7,40.6,50.8,(±5.1),1171,70.0,38.0,34.9,41.1,(±3.1),2335,70.0,32.2,28.7,35.7,(±3.5),1537,70.0,37.4,29.8,45.0,(±7.6),370,70.0,30.1,26.2,34.0,(±3.9),1156,70.0,27.6,23.5,31.7,(±4.1),881,70.0,28.3,17.9,38.7,(±10.4)‡,141,70.0,27.1,22.6,31.6,(±4.5),731,70.0,41.2,35.1,47.3,(±6.1),656,70.0,62.3,56.6,68.0,(±5.7),798,70.0,43.2,39.7,46.7,(±3.5),3649,70.0,38.7,31.4,46.0,(±7.3),854,70.0,38.2,31.5,44.9,(±6.7),1319,70.0,43.9,33.7,54.1,(±10.2)‡,676,70.0
Indiana,43.6,42.1,45.1,(±1.5),11326,70.0,55.2,51.6,58.8,(±3.6),2291,70.0,68.4,62.2,74.6,(±6.2),697,70.0,57.0,51.8,62.2,(±5.2),1045,70.0,41.4,34.1,48.7,(±7.3),549,70.0,40.2,38.6,41.8,(±1.6),9035,70.0,35.1,33.1,37.1,(±2.0),5349,70.0,45.9,41.6,50.2,(±4.3),1573,70.0,31.3,29.1,33.5,(±2.2),3736,70.0,30.0,27.5,32.5,(±2.5),2546,70.0,38.6,30.8,46.4,(±7.8),491,70.0,27.9,25.4,30.4,(±2.5),2028,70.0,45.2,42.5,47.9,(±2.7),2803,70.0,60.0,57.5,62.5,(±2.5),3686,70.0,43.9,42.2,45.6,(±1.7),9223,70.0,41.0,35.4,46.6,(±5.6),784,70.0,44.9,39.3,50.5,(±5.6),627,70.0,45.6,37.8,53.4,(±7.8),572,70.0
Iowa,51.3,49.5,53.1,(±1.8),8060,70.0,58.7,54.7,62.7,(±4.0),2043,70.0,71.6,64.6,78.6,(±7.0),597,70.0,62.5,56.9,68.1,(±5.6),915,70.0,44.0,36.9,51.1,(±7.1),531,70.0,49.1,47.1,51.1,(±2.0),6017,70.0,43.6,41.4,45.8,(±2.2),3902,70.0,52.3,47.8,56.8,(±4.5),941,70.0,41.5,39.0,44.0,(±2.5),2930,70.0,40.1,37.2,43.0,(±2.9),2147,70.0,45.9,38.3,53.5,(±7.6),351,70.0,39.3,36.2,42.4,(±3.1),1776,70.0,50.8,47.9,53.7,(±2.9),1755,70.0,68.8,65.9,71.7,(±2.9),2115,70.0,51.0,49.2,52.8,(±1.8),7142,70.0,51.3,39.1,63.5,(±12.2)‡,154,70.0,55.8,48.9,62.7,(±6.9),392,70.0,50.2,41.9,58.5,(±8.3),299,70.0
Kansas,43.9,42.4,45.4,(±1.5),11878,70.0,54.7,50.1,59.3,(±4.6),1807,70.0,73.4,65.1,81.7,(±8.3),534,70.0,52.1,45.8,58.4,(±6.3),711,70.0,42.1,35.4,48.8,(±6.7),562,70.0,40.5,39.1,41.9,(±1.4),10071,70.0,36.1,34.5,37.7,(±1.6),6558,70.0,43.6,40.5,46.7,(±3.1),1690,70.0,34.0,32.0,36.0,(±2.0),4800,70.0,33.1,30.9,35.3,(±2.2),3465,70.0,38.9,33.8,44.0,(±5.1),600,70.0,32.1,29.7,34.5,(±2.4),2821,70.0,42.3,39.9,44.7,(±2.4),3093,70.0,57.6,55.4,59.8,(±2.2),3513,70.0,43.3,41.8,44.8,(±1.5),9967,70.0,40.9,32.7,49.1,(±8.2),436,70.0,47.6,42.0,53.2,(±5.6),746,70.0,45.3,39.7,50.9,(±5.6),597,70.0
Kentucky,45.0,43.1,46.9,(±1.9),8883,70.0,50.3,46.5,54.1,(±3.8),2151,70.0,62.5,55.1,69.9,(±7.4),660,70.0,53.7,48.1,59.3,(±5.6),905,70.0,35.6,29.7,41.5,(±5.9),586,70.0,43.5,41.3,45.7,(±2.2),6732,70.0,37.8,35.3,40.3,(±2.5),4491,70.0,44.2,39.7,48.7,(±4.5),1480,70.0,35.5,32.4,38.6,(±3.1),2962,70.0,33.3,29.8,36.8,(±3.5),2321,70.0,37.1,29.5,44.7,(±7.6),515,70.0,32.7,28.8,36.6,(±3.9),1778,70.0,46.7,43.2,50.2,(±3.5),2170,70.0,64.3,60.6,68.0,(±3.7),2241,70.0,44.1,42.2,46.0,(±1.9),7282,70.0,41.9,34.2,49.6,(±7.7),812,70.0,65.9,51.1,80.7,(±14.8)‡,267,70.0,48.5,39.9,57.1,(±8.6),463,70.0
Louisiana,41.6,39.6,43.6,(±2.0),7098,70.0,57.1,53.6,60.6,(±3.5),2622,70.0,65.3,59.3,71.3,(±6.0),875,70.0,59.7,54.6,64.8,(±5.1),1119,70.0,46.5,40.0,53.0,(±6.5),628,70.0,37.0,34.6,39.4,(±2.4),4476,70.0,31.8,29.1,34.5,(±2.7),2841,70.0,43.6,37.5,49.7,(±6.1),814,70.0,27.6,24.7,30.5,(±2.9),1999,70.0,28.4,24.9,31.9,(±3.5),1443,70.0,36.9,27.1,46.7,(±9.8),255,70.0,26.4,22.7,30.1,(±3.7),1169,70.0,39.0,35.1,42.9,(±3.9),1398,70.0,57.9,54.0,61.8,(±3.9),1635,70.0,42.4,39.9,44.9,(±2.5),4506,70.0,41.1,37.0,45.2,(±4.1),1648,70.0,45.2,38.1,52.3,(±7.1),436,70.0,34.4,27.3,41.5,(±7.1),432,70.0
Maine,49.9,48.1,51.7,(±1.8),10018,70.0,61.6,57.6,65.6,(±4.0),2453,70.0,71.8,65.6,78.0,(±6.2),785,70.0,62.6,56.5,68.7,(±6.1),1166,70.0,52.8,46.2,59.4,(±6.6),502,70.0,47.2,45.2,49.2,(±2.0),7565,70.0,40.1,37.7,42.5,(±2.4),4626,70.0,48.8,43.9,53.7,(±4.9),1316,70.0,37.2,34.5,39.9,(±2.7),3271,70.0,34.4,31.1,37.7,(±3.3),2062,70.0,44.6,34.0,55.2,(±10.6)‡,403,70.0,32.6,29.1,36.1,(±3.5),1639,70.0,48.3,45.2,51.4,(±3.1),2564,70.0,68.7,66.2,71.2,(±2.5),2939,70.0,50.0,48.2,51.8,(±1.8),9261,70.0,56.4,45.1,67.7,(±11.3)‡,98,70.0,45.4,30.4,60.4,(±15.0)‡,163,70.0,51.9,43.2,60.6,(±8.7),406,70.0
Maryland,53.5,51.7,55.3,(±1.8),15289,70.0,68.5,63.5,73.5,(±5.0),3175,70.0,73.5,66.7,80.3,(±6.8),949,70.0,71.0,63.7,78.3,(±7.3),1471,70.0,60.3,52.5,68.1,(±7.8),755,70.0,49.3,47.5,51.1,(±1.8),12114,70.0,43.5,41.3,45.7,(±2.2),7349,70.0,53.1,48.8,57.4,(±4.3),1928,70.0,41.0,38.5,43.5,(±2.5),5320,70.0,39.0,36.1,41.9,(±2.9),3348,70.0,46.4,39.5,53.3,(±6.9),583,70.0,37.9,34.6,41.2,(±3.3),2722,70.0,52.0,49.3,54.7,(±2.7),4001,70.0,71.8,69.4,74.2,(±2.4),4765,70.0,56.4,54.4,58.4,(±2.0),10063,70.0,47.1,43.2,51.0,(±3.9),3136,70.0,52.8,46.8,58.8,(±6.0),804,70.0,55.8,50.4,61.2,(±5.4),1096,70.0
Massachusetts,50.3,48.1,52.5,(±2.2),8972,70.0,71.9,68.3,75.5,(±3.6),2874,70.0,82.0,77.2,86.8,(±4.8),937,70.0,71.3,66.3,76.3,(±5.0),1316,70.0,64.5,56.7,72.3,(±7.8),621,70.0,45.0,42.5,47.5,(±2.5),6098,70.0,41.3,38.2,44.4,(±3.1),3982,70.0,49.4,43.1,55.7,(±6.3),987,70.0,39.3,35.8,42.8,(±3.5),2930,70.0,38.2,34.3,42.1,(±3.9),2122,70.0,41.8,32.6,51.0,(±9.2),348,70.0,37.9,33.4,42.4,(±4.5),1738,70.0,47.4,42.7,52.1,(±4.7),1860,70.0,59.3,54.4,64.2,(±4.9),2116,70.0,50.7,48.2,53.2,(±2.5),6804,70.0,45.2,36.7,53.7,(±8.5),430,70.0,51.9,44.3,59.5,(±7.6),851,70.0,47.9,40.8,55.0,(±7.1),760,70.0
Michigan,44.2,42.5,45.9,(±1.7),10029,70.0,55.7,50.3,61.1,(±5.4),2074,70.0,63.6,56.4,70.8,(±7.2),631,70.0,53.9,48.4,59.4,(±5.5),852,70.0,53.3,41.1,65.5,(±12.2)‡,591,70.0,41.1,39.5,42.7,(±1.6),7955,70.0,35.1,33.1,37.1,(±2.0),5025,70.0,45.3,41.0,49.6,(±4.3),1419,70.0,31.5,29.3,33.7,(±2.2),3548,70.0,31.1,28.6,33.6,(±2.5),2649,70.0,40.7,33.1,48.3,(±7.6),517,70.0,29.0,26.3,31.7,(±2.7),2094,70.0,41.9,39.2,44.6,(±2.7),2376,70.0,62.6,60.1,65.1,(±2.5),2930,70.0,45.5,43.9,47.1,(±1.6),8001,70.0,38.1,31.5,44.7,(±6.6),912,70.0,43.8,36.1,51.5,(±7.7),384,70.0,44.3,38.3,50.3,(±6.0),589,70.0
Minnesota,51.7,50.2,53.2,(±1.5),12263,70.0,60.0,56.3,63.7,(±3.7),2354,70.0,75.3,69.2,81.4,(±6.1),782,70.0,60.2,54.7,65.7,(±5.5),1031,70.0,46.1,39.4,52.8,(±6.7),541,70.0,49.3,47.7,50.9,(±1.6),9909,70.0,44.0,42.2,45.8,(±1.8),6925,70.0,57.1,52.8,61.4,(±4.3),1358,70.0,41.3,39.3,43.3,(±2.0),5501,70.0,40.5,38.1,42.9,(±2.4),3891,70.0,52.3,44.9,59.7,(±7.4),504,70.0,38.9,36.5,41.3,(±2.4),3350,70.0,51.1,48.6,53.6,(±2.5),3034,70.0,69.6,67.1,72.1,(±2.5),2984,70.0,52.0,50.5,53.5,(±1.5),10395,70.0,47.5,40.2,54.8,(±7.3),445,70.0,55.5,48.2,62.8,(±7.3),599,70.0,49.7,43.7,55.7,(±6.0),690,70.0
Mississippi,40.1,38.1,42.1,(±2.0),6648,70.0,50.5,47.1,53.9,(±3.4),2684,70.0,60.5,53.5,67.5,(±7.0),769,70.0,51.0,46.5,55.5,(±4.5),1324,70.0,41.8,35.0,48.6,(±6.8),591,70.0,36.9,34.5,39.3,(±2.4),3964,70.0,30.6,27.9,33.3,(±2.7),2479,70.0,40.2,34.9,45.5,(±5.3),767,70.0,27.2,23.9,30.5,(±3.3),1686,70.0,28.2,24.5,31.9,(±3.7),1225,70.0,35.8,26.8,44.8,(±9.0),233,70.0,26.5,22.4,30.6,(±4.1),981,70.0,35.2,31.5,38.9,(±3.7),1254,70.0,59.7,56.2,63.2,(±3.5),1485,70.0,40.7,38.2,43.2,(±2.5),3989,70.0,37.5,34.1,40.9,(±3.4),2050,70.0,49.7,36.4,63.0,(±13.3)‡,210,70.0,48.4,37.4,59.4,(±11.0)‡,331,70.0
Missouri,46.4,43.8,49.0,(±2.6),5723,70.0,53.9,50.6,57.2,(±3.3),2270,70.0,63.8,57.9,69.7,(±5.9),686,70.0,56.4,51.6,61.2,(±4.8),919,70.0,43.1,37.3,48.9,(±5.8),665,70.0,44.3,41.2,47.4,(±3.1),3453,70.0,36.7,33.0,40.4,(±3.7),2023,70.0,44.3,37.2,51.4,(±7.1),620,70.0,34.5,30.2,38.8,(±4.3),1387,70.0,33.6,28.9,38.3,(±4.7),1041,70.0,37.3,27.3,47.3,(±10.0),226,70.0,33.1,27.6,38.6,(±5.5),806,70.0,43.0,37.1,48.9,(±5.9),982,70.0,71.1,66.4,75.8,(±4.7),1430,70.0,47.1,44.2,50.0,(±2.9),4526,70.0,42.0,33.9,50.1,(±8.1),514,70.0,43.9,33.2,54.6,(±10.7)‡,276,70.0,46.4,35.3,57.5,(±11.1)‡,373,70.0
Montana,42.2,39.3,45.1,(±2.9),4944,70.0,49.0,44.8,53.2,(±4.2),2052,70.0,59.6,51.6,67.6,(±8.0),667,70.0,50.3,44.2,56.4,(±6.1),873,70.0,38.3,30.9,45.7,(±7.4),512,70.0,40.4,36.9,43.9,(±3.5),2892,70.0,33.5,29.4,37.6,(±4.1),1799,70.0,47.1,37.9,56.3,(±9.2),441,70.0,30.5,25.8,35.2,(±4.7),1346,70.0,30.3,25.0,35.6,(±5.3),907,70.0,37.2,22.1,52.3,(±15.1)‡,145,70.0,29.6,23.9,35.3,(±5.7),755,70.0,39.3,33.0,45.6,(±6.3),892,70.0,64.5,57.6,71.4,(±6.9),1093,70.0,41.2,38.1,44.3,(±3.1),4095,70.0,NR *,NaN,NaN,NR *,NR *,70.0,40.2,24.7,55.7,(±15.5)‡,173,70.0,53.7,43.4,64.0,(±10.3)‡,622,70.0
Nebraska,52.3,50.6,54.0,(±1.7),12035,70.0,63.4,59.7,67.1,(±3.7),1944,70.0,74.5,68.5,80.5,(±6.0),593,70.0,66.3,61.1,71.5,(±5.2),828,70.0,49.3,42.3,56.3,(±7.0),523,70.0,48.8,46.8,50.8,(±2.0),10091,70.0,43.7,41.3,46.1,(±2.4),6415,70.0,55.0,50.1,59.9,(±4.9),1515,70.0,40.7,38.0,43.4,(±2.7),4856,70.0,39.2,36.1,42.3,(±3.1),3430,70.0,46.2,39.3,53.1,(±6.9),520,70.0,37.8,34.3,41.3,(±3.5),2886,70.0,52.8,49.5,56.1,(±3.3),2985,70.0,68.7,66.2,71.2,(±2.5),3676,70.0,51.2,49.5,52.9,(±1.7),10330,70.0,58.7,49.0,68.4,(±9.7),213,70.0,58.4,51.9,64.9,(±6.5),937,70.0,48.8,41.8,55.8,(±7.0),476,70.0
Nevada,36.1,33.9,38.3,(±2.2),5719,70.0,45.6,41.6,49.6,(±4.0),2267,70.0,58.5,50.8,66.2,(±7.7),664,70.0,44.0,38.0,50.0,(±6.0),863,70.0,38.4,31.3,45.5,(±7.1),740,70.0,33.4,30.9,35.9,(±2.5),3452,70.0,27.4,24.5,30.3,(±2.9),2301,70.0,38.2,31.7,44.7,(±6.5),595,70.0,24.4,21.1,27.7,(±3.3),1682,70.0,22.4,18.9,25.9,(±3.5),1312,70.0,26.4,18.6,34.2,(±7.8),223,70.0,21.9,18.0,25.8,(±3.9),1073,70.0,38.8,33.5,44.1,(±5.3),989,70.0,58.6,53.7,63.5,(±4.9),1151,70.0,39.1,36.2,42.0,(±2.9),3370,70.0,34.4,26.3,42.5,(±8.1),349,70.0,31.6,27.3,35.9,(±4.3),1326,70.0,34.6,26.3,42.9,(±8.3),621,70.0
New Hampshire,50.4,47.3,53.5,(±3.1),7000,70.0,66.2,62.2,70.2,(±4.0),2283,70.0,73.0,65.8,80.2,(±7.2),649,70.0,71.8,66.4,77.2,(±5.4),1100,70.0,52.8,45.1,60.5,(±7.7),534,70.0,46.6,42.9,50.3,(±3.7),4717,70.0,41.4,36.3,46.5,(±5.1),2886,70.0,44.9,39.4,50.4,(±5.5),811,70.0,41.0,33.4,48.6,(±7.6),2051,70.0,39.1,31.1,47.1,(±8.0),1297,70.0,40.5,31.3,49.7,(±9.2),261,70.0,39.7,28.1,51.3,(±11.6)‡,1018,70.0,45.2,41.9,48.5,(±3.3),1589,70.0,65.6,62.5,68.7,(±3.1),1831,70.0,49.5,47.3,51.7,(±2.2),6275,70.0,36.7,17.8,55.6,(±18.9)‡,62,70.0,60.0,47.0,73.0,(±13.0)‡,197,70.0,55.6,35.6,75.6,(±20.0)‡,393,70.0
New Jersey,49.1,46.8,51.4,(±2.3),8682,70.0,67.7,64.5,70.9,(±3.2),3135,70.0,84.7,80.7,88.7,(±4.0),975,70.0,72.4,68.2,76.6,(±4.2),1425,70.0,48.3,42.1,54.5,(±6.2),735,70.0,44.0,41.3,46.7,(±2.7),5547,70.0,38.4,35.1,41.7,(±3.3),3542,70.0,48.8,42.1,55.5,(±6.7),893,70.0,35.6,31.7,39.5,(±3.9),2618,70.0,34.4,29.9,38.9,(±4.5),1704,70.0,39.1,27.9,50.3,(±11.2)‡,280,70.0,33.9,28.8,39.0,(±5.1),1407,70.0,45.4,40.9,49.9,(±4.5),1838,70.0,65.5,61.8,69.2,(±3.7),2005,70.0,52.1,49.4,54.8,(±2.7),5378,70.0,42.5,36.6,48.4,(±5.9),939,70.0,45.6,39.2,52.0,(±6.4),1398,70.0,50.8,43.3,58.3,(±7.5),842,70.0
New Mexico,49.2,46.7,51.7,(±2.5),6342,70.0,63.8,59.0,68.6,(±4.8),2268,70.0,81.6,74.5,88.7,(±7.1),636,70.0,60.3,54.5,66.1,(±5.8),1043,70.0,57.2,49.8,64.6,(±7.4),589,70.0,44.9,42.0,47.8,(±2.9),4074,70.0,39.4,36.1,42.7,(±3.3),2564,70.0,46.8,40.3,53.3,(±6.5),743,70.0,36.6,32.7,40.5,(±3.9),1796,70.0,35.6,31.3,39.9,(±4.3),1291,70.0,41.9,32.3,51.5,(±9.6),281,70.0,33.7,28.8,38.6,(±4.9),994,70.0,47.6,42.3,52.9,(±5.3),1273,70.0,65.0,60.1,69.9,(±4.9),1510,70.0,47.2,43.6,50.8,(±3.6),2869,70.0,66.8,48.7,84.9,(±18.1)‡,90,70.0,50.3,46.5,54.1,(±3.8),2522,70.0,52.8,45.1,60.5,(±7.7),759,70.0
New York,49.8,48.3,51.3,(±1.5),20948,70.0,65.9,63.6,68.2,(±2.3),5611,70.0,75.4,71.6,79.2,(±3.8),1841,70.0,66.3,62.8,69.8,(±3.5),2454,70.0,58.0,53.7,62.3,(±4.3),1316,70.0,45.6,43.8,47.4,(±1.8),15337,70.0,39.9,37.9,41.9,(±2.0),10053,70.0,48.4,44.3,52.5,(±4.1),2699,70.0,37.3,34.9,39.7,(±2.4),7251,70.0,36.3,33.8,38.8,(±2.5),5258,70.0,41.6,35.5,47.7,(±6.1),953,70.0,35.1,32.4,37.8,(±2.7),4243,70.0,47.0,44.1,49.9,(±2.9),4795,70.0,67.1,64.0,70.2,(±3.1),5284,70.0,50.2,48.5,51.9,(±1.7),14639,70.0,46.1,41.3,50.9,(±4.8),1645,70.0,49.9,46.2,53.6,(±3.7),2637,70.0,54.1,49.1,59.1,(±5.0),1679,70.0
North Carolina,50.8,48.5,53.1,(±2.3),6668,70.0,60.6,57.3,63.9,(±3.3),2852,70.0,72.1,66.6,77.6,(±5.5),870,70.0,64.0,59.1,68.9,(±4.9),1327,70.0,47.3,41.5,53.1,(±5.8),655,70.0,48.1,45.4,50.8,(±2.7),3816,70.0,41.6,38.5,44.7,(±3.1),2589,70.0,52.6,46.1,59.1,(±6.5),706,70.0,37.7,34.2,41.2,(±3.5),1860,70.0,37.2,33.1,41.3,(±4.1),1507,70.0,45.4,34.6,56.2,(±10.8)‡,284,70.0,35.2,30.9,39.5,(±4.3),1205,70.0,50.8,45.7,55.9,(±5.1),1082,70.0,72.1,67.6,76.6,(±4.5),1227,70.0,51.2,48.4,54.0,(±2.8),4202,70.0,48.8,43.8,53.8,(±5.0),1190,70.0,54.0,47.3,60.7,(±6.7),693,70.0,50.6,41.8,59.4,(±8.8),539,70.0
North Dakota,46.9,45.1,48.7,(±1.8),7130,70.0,65.3,61.2,69.4,(±4.1),1981,70.0,76.2,69.9,82.5,(±6.3),662,70.0,65.7,59.6,71.8,(±6.1),772,70.0,52.4,45.1,59.7,(±7.3),547,70.0,41.8,39.8,43.8,(±2.0),5149,70.0,36.0,33.6,38.4,(±2.4),3246,70.0,45.6,40.5,50.7,(±5.1),734,70.0,34.0,31.5,36.5,(±2.5),2492,70.0,33.0,30.1,35.9,(±2.9),1588,70.0,41.0,32.2,49.8,(±8.8),218,70.0,31.9,28.8,35.0,(±3.1),1360,70.0,42.1,39.0,45.2,(±3.1),1658,70.0,65.7,62.8,68.6,(±2.9),1903,70.0,46.4,44.5,48.3,(±1.9),6278,70.0,54.5,44.9,64.1,(±9.6),107,70.0,46.2,37.7,54.7,(±8.5),169,70.0,51.7,44.8,58.6,(±6.9),521,70.0
Ohio,46.6,44.7,48.5,(±1.9),10327,70.0,51.5,48.0,55.0,(±3.5),2317,70.0,60.9,54.8,67.0,(±6.1),730,70.0,53.4,48.2,58.6,(±5.2),1041,70.0,41.2,35.1,47.3,(±6.1),546,70.0,45.2,43.0,47.4,(±2.2),8010,70.0,38.7,36.2,41.2,(±2.5),4909,70.0,47.7,43.0,52.4,(±4.7),1434,70.0,35.9,32.8,39.0,(±3.1),3442,70.0,33.7,30.2,37.2,(±3.5),2329,70.0,40.8,32.8,48.8,(±8.0),436,70.0,32.3,28.4,36.2,(±3.9),1874,70.0,47.7,44.4,51.0,(±3.3),2580,70.0,67.6,64.9,70.3,(±2.7),3101,70.0,45.8,43.8,47.8,(±2.0),8567,70.0,51.2,45.1,57.3,(±6.1),823,70.0,49.3,40.2,58.4,(±9.1),315,70.0,43.7,36.1,51.3,(±7.6),529,70.0
Oklahoma,47.2,45.2,49.2,(±2.0),6511,70.0,53.6,49.9,57.3,(±3.7),2303,70.0,63.2,57.1,69.3,(±6.1),716,70.0,51.4,46.2,56.6,(±5.2),1008,70.0,48.2,40.0,56.4,(±8.2),579,70.0,45.2,42.8,47.6,(±2.4),4208,70.0,39.1,36.2,42.0,(±2.9),2464,70.0,52.8,47.3,58.3,(±5.5),729,70.0,33.9,30.6,37.2,(±3.3),1684,70.0,33.2,29.5,36.9,(±3.7),1304,70.0,43.7,35.3,52.1,(±8.4),267,70.0,30.1,26.2,34.0,(±3.9),1012,70.0,51.9,47.8,56.0,(±4.1),1160,70.0,69.3,66.0,72.6,(±3.3),1744,70.0,46.6,44.2,49.0,(±2.4),4483,70.0,47.5,39.1,55.9,(±8.4),358,70.0,48.0,40.8,55.2,(±7.2),543,70.0,49.0,44.0,54.0,(±5.0),1092,70.0
Oregon,40.0,38.1,41.9,(±1.9),6492,70.0,52.0,48.1,55.9,(±3.9),2127,70.0,60.5,52.0,69.0,(±8.5),645,70.0,54.3,49.1,59.5,(±5.2),943,70.0,42.3,35.8,48.8,(±6.5),539,70.0,36.9,34.7,39.1,(±2.2),4365,70.0,30.9,28.4,33.4,(±2.5),2861,70.0,40.7,33.8,47.6,(±6.9),708,70.0,28.3,25.6,31.0,(±2.7),2107,70.0,27.2,24.3,30.1,(±2.9),1669,70.0,35.1,28.4,41.8,(±6.7),306,70.0,25.8,22.7,28.9,(±3.1),1331,70.0,37.9,33.0,42.8,(±4.9),1192,70.0,57.2,53.7,60.7,(±3.5),1504,70.0,40.2,38.0,42.4,(±2.2),5074,70.0,37.7,26.7,48.7,(±11.0)‡,105,70.0,41.7,35.7,47.7,(±6.0),576,70.0,38.9,33.2,44.6,(±5.7),653,70.0
Pennsylvania,53.3,50.8,55.8,(±2.5),9292,70.0,63.3,59.8,66.8,(±3.5),5469,70.0,74.1,68.7,79.5,(±5.4),1654,70.0,63.7,59.0,68.4,(±4.7),2334,70.0,53.3,46.2,60.4,(±7.1),1481,70.0,50.8,47.9,53.7,(±2.9),3823,70.0,44.6,41.3,47.9,(±3.3),2771,70.0,57.7,50.4,65.0,(±7.3),719,70.0,40.1,36.2,44.0,(±3.9),2028,70.0,41.3,37.0,45.6,(±4.3),1601,70.0,48.8,35.9,61.7,(±12.9)‡,311,70.0,39.6,34.9,44.3,(±4.7),1273,70.0,50.9,45.6,56.2,(±5.3),1170,70.0,72.3,67.4,77.2,(±4.9),1052,70.0,51.9,49.2,54.6,(±2.7),6000,70.0,56.2,48.8,63.6,(±7.4),1378,70.0,60.6,49.3,71.9,(±11.3)‡,958,70.0,55.3,47.7,62.9,(±7.6),913,70.0
Rhode Island,55.4,53.0,57.8,(±2.4),6723,70.0,74.2,70.1,78.3,(±4.1),2522,70.0,75.4,66.4,84.4,(±9.0),727,70.0,76.6,71.2,82.0,(±5.4),1272,70.0,70.1,62.9,77.3,(±7.2),523,70.0,50.9,48.2,53.6,(±2.7),4201,70.0,44.7,41.6,47.8,(±3.1),2766,70.0,54.1,48.0,60.2,(±6.1),792,70.0,41.2,37.5,44.9,(±3.7),1938,70.0,39.7,35.2,44.2,(±4.5),1290,70.0,41.6,31.4,51.8,(±10.2)‡,244,70.0,39.2,34.1,44.3,(±5.1),1029,70.0,52.9,49.0,56.8,(±3.9),1476,70.0,72.8,69.1,76.5,(±3.7),1435,70.0,54.9,52.3,57.5,(±2.6),4984,70.0,54.1,43.8,64.4,(±10.3)‡,254,70.0,57.7,51.4,64.0,(±6.3),972,70.0,54.5,43.8,65.2,(±10.7)‡,458,70.0
South Carolina,47.4,45.8,49.0,(±1.6),10801,70.0,55.5,51.8,59.2,(±3.7),2423,70.0,69.8,63.7,75.9,(±6.1),773,70.0,56.6,51.9,61.3,(±4.7),1136,70.0,40.0,33.5,46.5,(±6.5),514,70.0,45.2,43.4,47.0,(±1.8),8378,70.0,37.5,35.3,39.7,(±2.2),4834,70.0,49.3,45.0,53.6,(±4.3),1446,70.0,34.1,31.6,36.6,(±2.5),3328,70.0,32.3,29.4,35.2,(±2.9),2301,70.0,41.1,33.5,48.7,(±7.6),430,70.0,31.1,27.8,34.4,(±3.3),1836,70.0,46.9,43.8,50.0,(±3.1),2533,70.0,69.9,67.2,72.6,(±2.7),3544,70.0,48.7,46.6,50.8,(±2.1),6903,70.0,43.9,40.3,47.5,(±3.6),2627,70.0,47.2,40.6,53.8,(±6.6),455,70.0,48.0,41.5,54.5,(±6.5),570,70.0
South Dakota,53.9,51.1,56.7,(±2.8),6350,70.0,63.2,58.4,68.0,(±4.8),2086,70.0,69.4,62.3,76.5,(±7.1),669,70.0,65.9,59.5,72.3,(±6.4),919,70.0,54.0,46.4,61.6,(±7.6),498,70.0,51.1,47.8,54.4,(±3.3),4264,70.0,45.5,41.8,49.2,(±3.7),2593,70.0,51.7,44.3,59.1,(±7.4),634,70.0,44.4,40.3,48.5,(±4.1),1947,70.0,41.3,36.6,46.0,(±4.7),1320,70.0,37.3,26.9,47.7,(±10.4)‡,199,70.0,42.5,37.2,47.8,(±5.3),1112,70.0,54.1,48.6,59.6,(±5.5),1273,70.0,70.9,64.4,77.4,(±6.5),1671,70.0,53.5,50.5,56.5,(±3.0),5200,70.0,57.0,34.1,79.9,(±22.9)‡,71,70.0,60.3,46.3,74.3,(±14.0)‡,185,70.0,53.8,46.0,61.6,(±7.8),872,70.0
Tennessee,43.9,41.7,46.1,(±2.2),6367,70.0,57.4,53.6,61.2,(±3.8),2028,70.0,68.1,60.8,75.4,(±7.3),641,70.0,58.1,52.7,63.5,(±5.4),878,70.0,46.9,39.7,54.1,(±7.2),509,70.0,40.2,37.7,42.7,(±2.5),4339,70.0,34.4,31.5,37.3,(±2.9),2872,70.0,43.8,38.1,49.5,(±5.7),889,70.0,31.4,28.1,34.7,(±3.3),1958,70.0,29.4,26.1,32.7,(±3.3),1575,70.0,37.7,29.5,45.9,(±8.2),334,70.0,27.8,24.1,31.5,(±3.7),1226,70.0,45.1,39.8,50.4,(±5.3),1297,70.0,61.4,57.1,65.7,(±4.3),1467,70.0,44.2,41.8,46.6,(±2.4),4908,70.0,38.8,32.8,44.8,(±6.0),725,70.0,46.2,39.1,53.3,(±7.1),333,70.0,53.4,39.9,66.9,(±13.5)‡,332,70.0
Texas,43.5,41.5,45.5,(±2.0),23340,70.0,60.3,57.7,62.9,(±2.6),14470,70.0,71.9,66.8,77.0,(±5.1),4408,70.0,59.8,56.1,63.5,(±3.7),5913,70.0,50.3,46.0,54.6,(±4.3),4149,70.0,37.9,35.4,40.4,(±2.5),8870,70.0,32.9,30.0,35.8,(±2.9),5148,70.0,41.6,36.1,47.1,(±5.5),1346,70.0,30.4,27.1,33.7,(±3.3),3753,70.0,29.2,25.7,32.7,(±3.5),2693,70.0,36.8,28.8,44.8,(±8.0),430,70.0,27.8,23.9,31.7,(±3.9),2235,70.0,41.9,36.6,47.2,(±5.3),2455,70.0,62.1,57.6,66.6,(±4.5),3722,70.0,44.6,41.7,47.5,(±2.9),10314,70.0,37.2,31.9,42.5,(±5.3),2032,70.0,44.0,40.3,47.7,(±3.7),8935,70.0,42.5,36.3,48.7,(±6.2),1881,70.0
Utah,43.4,41.7,45.1,(±1.7),10503,70.0,48.9,44.4,53.4,(±4.5),1675,70.0,60.8,53.5,68.1,(±7.3),566,70.0,51.2,44.8,57.6,(±6.4),633,70.0,36.3,28.6,44.0,(±7.7),476,70.0,41.2,39.6,42.8,(±1.6),8828,70.0,37.2,35.4,39.0,(±1.8),6166,70.0,48.7,44.4,53.0,(±4.3),1309,70.0,34.7,32.7,36.7,(±2.0),4783,70.0,34.2,32.0,36.4,(±2.2),3895,70.0,45.6,38.9,52.3,(±6.7),557,70.0,32.6,30.2,35.0,(±2.4),3284,70.0,45.6,42.7,48.5,(±2.9),2271,70.0,61.7,58.6,64.8,(±3.1),2662,70.0,43.6,41.7,45.5,(±1.9),9121,70.0,NR †,NaN,NaN,NR †,70,70.0,42.1,36.8,47.4,(±5.3),792,70.0,48.7,39.9,57.5,(±8.8),428,70.0
Vermont,47.3,45.2,49.4,(±2.1),7526,70.0,59.9,55.2,64.6,(±4.7),2426,70.0,75.6,69.2,82.0,(±6.4),684,70.0,61.1,55.4,66.8,(±5.7),1173,70.0,49.2,39.7,58.7,(±9.5),569,70.0,44.4,42.0,46.8,(±2.4),5100,70.0,38.5,35.8,41.2,(±2.7),3326,70.0,45.5,40.2,50.8,(±5.3),843,70.0,36.5,33.2,39.8,(±3.3),2442,70.0,33.0,29.3,36.7,(±3.7),1598,70.0,33.2,25.8,40.6,(±7.4),306,70.0,33.0,28.7,37.3,(±4.3),1267,70.0,47.9,44.2,51.6,(±3.7),1728,70.0,63.9,60.6,67.2,(±3.3),1774,70.0,47.1,45.0,49.2,(±2.1),6774,70.0,61.0,44.6,77.4,(±16.4)‡,86,70.0,53.6,38.6,68.6,(±15.0)‡,165,70.0,48.8,38.6,59.0,(±10.2)‡,395,70.0
Virginia,50.5,48.4,52.6,(±2.1),8821,70.0,60.2,56.0,64.4,(±4.2),2996,70.0,73.9,66.6,81.2,(±7.3),940,70.0,59.9,53.7,66.1,(±6.2),1313,70.0,50.2,42.9,57.5,(±7.3),743,70.0,47.9,45.5,50.3,(±2.4),5825,70.0,43.2,40.3,46.1,(±2.9),3878,70.0,48.0,42.3,53.7,(±5.7),961,70.0,42.3,38.8,45.8,(±3.5),2834,70.0,39.5,35.8,43.2,(±3.7),2116,70.0,36.7,29.1,44.3,(±7.6),352,70.0,40.8,36.3,45.3,(±4.5),1717,70.0,50.9,46.6,55.2,(±4.3),1762,70.0,67.1,63.6,70.6,(±3.5),1947,70.0,51.3,48.9,53.7,(±2.4),5995,70.0,46.6,41.1,52.1,(±5.5),1242,70.0,51.4,43.0,59.8,(±8.4),649,70.0,52.9,45.5,60.3,(±7.4),827,70.0
Washington,48.3,47.0,49.6,(±1.3),14690,70.0,56.7,53.1,60.3,(±3.6),2679,70.0,69.9,63.8,76.0,(±6.1),858,70.0,56.9,51.9,61.9,(±5.0),1207,70.0,45.9,38.6,53.2,(±7.3),614,70.0,46.0,44.6,47.4,(±1.4),12011,70.0,40.7,38.9,42.5,(±1.8),7545,70.0,52.2,48.5,55.9,(±3.7),1902,70.0,37.4,35.4,39.4,(±2.0),5522,70.0,36.3,34.1,38.5,(±2.2),4064,70.0,46.0,40.3,51.7,(±5.7),710,70.0,34.5,32.1,36.9,(±2.4),3290,70.0,49.7,47.2,52.2,(±2.5),3481,70.0,66.7,64.3,69.1,(±2.4),4466,70.0,48.4,46.9,49.9,(±1.5),11437,70.0,49.5,38.6,60.4,(±10.9)‡,305,70.0,48.1,43.4,52.8,(±4.7),1241,70.0,49.2,44.9,53.5,(±4.3),1513,70.0
West Virginia,49.6,47.7,51.5,(±1.9),7184,70.0,54.8,50.9,58.7,(±3.9),2327,70.0,69.4,63.5,75.3,(±5.9),742,70.0,52.5,47.4,57.6,(±5.1),1067,70.0,46.4,37.5,55.3,(±8.9),518,70.0,48.3,46.1,50.5,(±2.2),4857,70.0,40.1,37.6,42.6,(±2.5),3217,70.0,51.4,47.3,55.5,(±4.1),1140,70.0,34.9,31.8,38.0,(±3.1),2043,70.0,34.0,30.7,37.3,(±3.3),1638,70.0,42.0,34.9,49.1,(±7.1),363,70.0,32.2,28.5,35.9,(±3.7),1254,70.0,51.0,47.5,54.5,(±3.5),1579,70.0,72.6,69.5,75.7,(±3.1),1640,70.0,48.9,47.0,50.8,(±1.9),6494,70.0,61.6,49.6,73.6,(±12.0)‡,185,70.0,47.7,34.8,60.6,(±12.9)‡,138,70.0,58.4,49.5,67.3,(±8.9),333,70.0
Wisconsin,43.7,41.5,45.9,(±2.2),5732,70.0,59.5,55.6,63.4,(±3.9),2164,70.0,72.7,66.6,78.8,(±6.1),669,70.0,61.1,55.0,67.2,(±6.1),945,70.0,44.7,38.5,50.9,(±6.2),550,70.0,39.3,36.8,41.8,(±2.5),3568,70.0,35.0,32.1,37.9,(±2.9),2411,70.0,42.4,35.9,48.9,(±6.5),573,70.0,33.4,30.1,36.7,(±3.3),1816,70.0,32.1,28.2,36.0,(±3.9),1299,70.0,35.5,26.3,44.7,(±9.2),201,70.0,31.8,27.5,36.1,(±4.3),1089,70.0,40.7,36.2,45.2,(±4.5),1112,70.0,55.7,51.0,60.4,(±4.7),1157,70.0,42.5,40.3,44.7,(±2.2),4635,70.0,52.4,40.8,64.0,(±11.6)‡,294,70.0,48.3,39.4,57.2,(±8.9),368,70.0,46.2,36.3,56.1,(±9.9),391,70.0
Wyoming,38.9,36.8,41.0,(±2.1),6294,70.0,43.0,38.5,47.5,(±4.5),2623,70.0,63.6,56.2,71.0,(±7.4),792,70.0,40.5,34.0,47.0,(±6.5),1155,70.0,32.7,26.4,39.0,(±6.3),676,70.0,37.7,35.3,40.1,(±2.4),3671,70.0,32.4,29.7,35.1,(±2.7),2264,70.0,44.1,37.4,50.8,(±6.7),542,70.0,29.7,26.6,32.8,(±3.1),1705,70.0,29.4,25.7,33.1,(±3.7),1035,70.0,40.4,29.8,51.0,(±10.6)‡,165,70.0,27.6,23.7,31.5,(±3.9),862,70.0,38.6,34.7,42.5,(±3.9),1229,70.0,59.0,55.3,62.7,(±3.7),1407,70.0,39.2,36.9,41.5,(±2.3),5385,70.0,30.5,13.2,47.8,(±17.3)‡,42,70.0,35.6,27.4,43.8,(±8.2),516,70.0,40.2,30.5,49.9,(±9.7),290,70.0
United States,46.8,46.3,47.3,(±0.5),468970,70.0,59.0,58.3,59.7,(±0.7),143169,70.0,70.0,68.7,71.3,(±1.3),44094,70.0,59.9,58.9,60.9,(±1.0),63130,70.0,48.8,47.5,50.1,(±1.3),35945,70.0,43.3,42.7,43.9,(±0.6),325801,70.0,37.5,36.9,38.1,(±0.6),206532,70.0,46.4,45.2,47.6,(±1.2),54748,70.0,34.9,34.1,35.7,(±0.8),149533,70.0,33.6,32.8,34.4,(±0.8),107527,70.0,39.3,37.5,41.1,(±1.8),19092,70.0,32.6,31.8,33.4,(±0.8),87094,70.0,45.4,44.4,46.4,(±1.0),99005,70.0,65.3,64.3,66.3,(±1.0),119269,70.0,47.5,47.0,48.0,(±0.5),335532,70.0,43.0,41.7,44.3,(±1.3),39263,70.0,46.2,44.7,47.7,(±1.5),49486,70.0,48.8,46.9,50.7,(±1.9),39092,70.0
Region  1,51.1,49.9,52.3,(±1.2),51746,70.0,69.3,67.4,71.2,(±1.9),15385,70.0,80.0,77.2,82.8,(±2.8),4576,70.0,70.3,67.8,72.8,(±2.5),7404,70.0,60.0,55.9,64.1,(±4.1),3405,70.0,46.6,45.2,48.0,(±1.4),36361,70.0,41.7,40.1,43.3,(±1.6),23045,70.0,50.2,47.1,53.3,(±3.1),6182,70.0,39.3,37.3,41.3,(±2.0),16607,70.0,38.2,36.0,40.4,(±2.2),10790,70.0,44.0,39.3,48.7,(±4.7),2052,70.0,37.2,34.8,39.6,(±2.4),8595,70.0,47.8,45.6,50.0,(±2.2),12255,70.0,63.9,61.5,66.3,(±2.4),13316,70.0,51.2,50.0,52.4,(±1.2),42815,70.0,47.7,42.8,52.6,(±4.9),1678,70.0,52.8,48.3,57.3,(±4.5),3518,70.0,49.3,44.8,53.8,(±4.5),3156,70.0
Region  2,49.7,48.4,51.0,(±1.3),29630,70.0,66.6,64.7,68.5,(±1.9),8746,70.0,78.5,75.6,81.4,(±2.9),2816,70.0,68.4,65.7,71.1,(±2.7),3879,70.0,54.7,51.1,58.3,(±3.6),2051,70.0,45.3,43.7,46.9,(±1.6),20884,70.0,39.7,37.9,41.5,(±1.8),13595,70.0,48.9,45.2,52.6,(±3.7),3592,70.0,37.0,34.8,39.2,(±2.2),9869,70.0,35.8,33.4,38.2,(±2.4),6962,70.0,41.0,35.3,46.7,(±5.7),1233,70.0,34.9,32.4,37.4,(±2.5),5650,70.0,46.9,44.2,49.6,(±2.7),6633,70.0,66.5,64.1,68.9,(±2.4),7289,70.0,51.0,49.5,52.5,(±1.5),20017,70.0,45.1,41.4,48.8,(±3.7),2584,70.0,48.5,45.1,51.9,(±3.4),4035,70.0,53.0,48.7,57.3,(±4.3),2521,70.0
Region  3,52.3,51.0,53.6,(±1.3),50517,70.0,63.2,61.0,65.4,(±2.2),18771,70.0,74.0,70.7,77.3,(±3.3),5794,70.0,63.7,60.6,66.8,(±3.1),8201,70.0,53.7,49.7,57.7,(±4.0),4776,70.0,49.4,47.8,51.0,(±1.6),31746,70.0,43.5,41.7,45.3,(±1.8),20754,70.0,53.7,50.0,57.4,(±3.7),5624,70.0,40.5,38.5,42.5,(±2.0),14845,70.0,39.6,37.4,41.8,(±2.2),10758,70.0,44.4,38.1,50.7,(±6.3),1974,70.0,38.9,36.4,41.4,(±2.5),8627,70.0,51.2,48.7,53.7,(±2.5),9996,70.0,70.7,68.3,73.1,(±2.4),10992,70.0,52.3,50.8,53.8,(±1.5),33270,70.0,49.2,46.1,52.3,(±3.1),8862,70.0,55.2,49.5,60.9,(±5.7),3810,70.0,54.3,50.4,58.2,(±3.9),4112,70.0
Region  4,45.0,44.3,45.7,(±0.7),82132,70.0,56.0,54.6,57.4,(±1.4),20692,70.0,66.0,63.5,68.5,(±2.5),6350,70.0,57.4,55.3,59.5,(±2.1),9583,70.0,45.5,42.8,48.2,(±2.7),4759,70.0,42.1,41.3,42.9,(±0.8),61440,70.0,35.1,34.1,36.1,(±1.0),37945,70.0,44.1,42.1,46.1,(±2.0),11269,70.0,32.2,31.0,33.4,(±1.2),26240,70.0,31.0,29.8,32.2,(±1.2),19879,70.0,35.5,32.4,38.6,(±3.1),3839,70.0,30.3,28.9,31.7,(±1.4),15774,70.0,43.0,41.4,44.6,(±1.6),18066,70.0,65.5,64.1,66.9,(±1.4),23495,70.0,46.3,45.4,47.2,(±0.9),56225,70.0,41.3,39.5,43.1,(±1.8),13489,70.0,44.7,42.5,46.9,(±2.2),6727,70.0,45.2,42.2,48.2,(±3.0),4589,70.0
Region  5,44.6,43.8,45.4,(±0.8),56613,70.0,55.4,53.8,57.0,(±1.6),15801,70.0,67.1,64.5,69.7,(±2.6),4870,70.0,55.9,53.8,58.0,(±2.1),6983,70.0,45.8,42.0,49.6,(±3.8),3948,70.0,41.6,40.6,42.6,(±1.0),40812,70.0,35.9,34.7,37.1,(±1.2),26156,70.0,44.4,41.9,46.9,(±2.5),6727,70.0,33.2,31.8,34.6,(±1.4),19199,70.0,31.5,29.9,33.1,(±1.6),13595,70.0,37.1,33.2,41.0,(±3.9),2290,70.0,30.3,28.7,31.9,(±1.6),11166,70.0,44.1,42.1,46.1,(±2.0),12561,70.0,63.3,61.7,64.9,(±1.6),14656,70.0,45.4,44.5,46.3,(±0.9),44470,70.0,43.0,39.8,46.2,(±3.2),4112,70.0,43.3,39.6,47.0,(±3.7),3612,70.0,45.0,41.1,48.9,(±3.9),3447,70.0
Region  6,44.2,42.8,45.6,(±1.4),49709,70.0,59.6,57.7,61.5,(±1.9),23966,70.0,70.1,66.5,73.7,(±3.6),7326,70.0,59.5,56.8,62.2,(±2.7),10110,70.0,50.0,46.9,53.1,(±3.1),6530,70.0,39.3,37.5,41.1,(±1.8),25743,70.0,34.0,32.0,36.0,(±2.0),15092,70.0,44.0,40.5,47.5,(±3.5),4326,70.0,30.9,28.5,33.3,(±2.4),10581,70.0,30.0,27.6,32.4,(±2.4),7627,70.0,38.2,32.9,43.5,(±5.3),1422,70.0,28.3,25.6,31.0,(±2.7),6095,70.0,43.2,39.9,46.5,(±3.3),7465,70.0,62.9,60.2,65.6,(±2.7),10651,70.0,44.8,43.0,46.6,(±1.8),26877,70.0,40.3,36.8,43.8,(±3.5),4930,70.0,44.9,41.7,48.1,(±3.2),12841,70.0,44.9,41.0,48.8,(±3.9),4615,70.0
Region  7,48.0,46.7,49.3,(±1.3),37696,70.0,56.5,54.5,58.5,(±2.0),8064,70.0,69.3,65.6,73.0,(±3.7),2410,70.0,58.3,55.4,61.2,(±2.9),3373,70.0,44.0,40.6,47.4,(±3.4),2281,70.0,45.5,43.9,47.1,(±1.6),29632,70.0,39.4,37.6,41.2,(±1.8),18898,70.0,47.3,43.8,50.8,(±3.5),4766,70.0,37.2,35.2,39.2,(±2.0),13973,70.0,36.0,33.8,38.2,(±2.2),10083,70.0,40.8,35.5,46.1,(±5.3),1697,70.0,35.3,32.8,37.8,(±2.5),8289,70.0,46.1,43.4,48.8,(±2.7),8815,70.0,68.0,65.6,70.4,(±2.4),10734,70.0,48.0,46.7,49.3,(±1.3),31965,70.0,44.8,38.8,50.8,(±6.0),1317,70.0,51.7,47.4,56.0,(±4.3),2351,70.0,47.2,41.3,53.1,(±5.9),1745,70.0
Region  8,47.1,46.1,48.1,(±1.0),45324,70.0,57.0,54.3,59.7,(±2.7),12823,70.0,69.7,65.7,73.7,(±4.0),4048,70.0,59.5,55.1,63.9,(±4.4),5448,70.0,42.8,38.8,46.8,(±4.0),3327,70.0,44.1,43.1,45.1,(±1.0),32501,70.0,39.0,37.8,40.2,(±1.2),20998,70.0,47.3,44.6,50.0,(±2.7),4794,70.0,37.0,35.6,38.4,(±1.4),16002,70.0,35.3,33.7,36.9,(±1.6),11267,70.0,38.7,34.6,42.8,(±4.1),1700,70.0,34.9,33.1,36.7,(±1.8),9436,70.0,47.1,45.1,49.1,(±2.0),9731,70.0,66.2,64.4,68.0,(±1.8),11503,70.0,46.2,45.1,47.3,(±1.1),37582,70.0,50.8,42.4,59.2,(±8.4),581,70.0,48.0,44.0,52.0,(±4.0),3361,70.0,53.9,50.2,57.6,(±3.7),3344,70.0
Region  9,46.4,44.2,48.6,(±2.2),33477,70.0,59.5,56.7,62.3,(±2.8),10134,70.0,70.4,65.3,75.5,(±5.1),3187,70.0,59.7,55.6,63.8,(±4.1),4344,70.0,50.3,45.3,55.3,(±5.0),2603,70.0,42.7,40.0,45.4,(±2.7),23343,70.0,37.5,34.6,40.4,(±2.9),15039,70.0,44.3,38.2,50.4,(±6.1),3779,70.0,36.1,32.8,39.4,(±3.3),11106,70.0,34.4,31.1,37.7,(±3.3),8479,70.0,40.8,33.4,48.2,(±7.4),1468,70.0,33.6,29.9,37.3,(±3.7),6909,70.0,45.0,39.1,50.9,(±5.9),6560,70.0,64.4,58.3,70.5,(±6.1),8304,70.0,47.9,45.1,50.7,(±2.8),17409,70.0,36.7,27.6,45.8,(±9.1),1177,70.0,44.9,40.8,49.0,(±4.1),6638,70.0,50.3,44.7,55.9,(±5.6),7862,70.0
Region 10,44.2,43.3,45.1,(±0.9),32126,70.0,53.3,51.0,55.6,(±2.3),8787,70.0,64.1,59.5,68.7,(±4.6),2717,70.0,54.8,51.6,58.0,(±3.2),3805,70.0,42.6,38.4,46.8,(±4.2),2265,70.0,41.7,40.7,42.7,(±1.0),23339,70.0,36.2,35.0,37.4,(±1.2),15010,70.0,46.4,43.5,49.3,(±2.9),3689,70.0,33.4,32.0,34.8,(±1.4),11111,70.0,32.3,30.7,33.9,(±1.6),8087,70.0,40.3,36.4,44.2,(±3.9),1417,70.0,30.9,29.1,32.7,(±1.8),6553,70.0,44.0,41.8,46.2,(±2.2),6923,70.0,62.4,60.6,64.2,(±1.8),8329,70.0,44.0,42.9,45.1,(±1.1),24902,70.0,46.9,39.0,54.8,(±7.9),533,70.0,45.3,42.0,48.6,(±3.3),2593,70.0,45.3,42.2,48.4,(±3.1),3701,70.0
